RevolvingUtilizationOfUnsecuredLines,age,NumberOfTime30-59DaysPastDueNotWorse,DebtRatio,MonthlyIncome,NumberOfOpenCreditLinesAndLoans,NumberOfTimes90DaysLate,NumberRealEstateLoansOrLines,NumberOfTime60-89DaysPastDueNotWorse,NumberOfDependents,SeriousDlqin2yrs
0.002066529,62,0,0.001407303,13500.0,3,0,0,0,1.0,0
0.044484328,55,0,20.0,,7,0,0,0,0.0,0
0.657736905,32,0,0.139853395,5183.0,3,0,0,0,2.0,0
0.052078494,41,0,0.226401619,8400.0,10,0,1,0,4.0,0
0.162734906,58,0,0.005997001,2000.0,3,1,0,0,0.0,0
0.073994442,62,0,0.330797653,4600.0,9,0,2,0,1.0,0
0.026981986,28,0,0.262696383,2736.0,8,0,0,0,0.0,0
0.035453471,63,0,0.405867313,7430.0,6,0,2,0,0.0,0
0.023332859,80,0,3173.0,,9,0,2,0,0.0,0
0.004228982,55,0,0.000925754,5400.0,4,0,0,0,0.0,0
0.3436571,64,0,0.253621789,10353.0,5,0,2,0,0.0,0
0.294355308,53,0,0.197185706,5400.0,17,0,1,0,1.0,0
0.524284836,46,0,3898.0,,10,0,1,0,0.0,0
0.994093594,23,0,0.136978248,1700.0,2,1,0,0,0.0,0
0.111985069,26,0,0.007594168,3291.0,3,0,0,0,0.0,0
0.62619474,68,1,0.415191192,13441.0,10,0,4,0,1.0,0
0.0,37,0,1.486810552,1250.0,8,0,2,0,3.0,0
0.063823404,67,0,81.0,,4,0,0,0,0.0,0
0.268687902,35,0,0.315052842,3500.0,11,0,0,0,1.0,0
0.052063417,53,0,0.152718116,6750.0,12,0,1,0,0.0,0
0.034021123,46,0,0.012724381,4400.0,7,0,0,0,0.0,0
0.825964264,72,0,0.676031384,3950.0,12,0,0,0,0.0,0
0.055190654,51,0,0.643162055,6324.0,16,0,4,0,2.0,0
0.003904425,39,0,0.315951392,6500.0,14,0,2,0,0.0,0
1.272425249,41,2,0.451516161,3000.0,6,3,1,1,0.0,1
0.675951632,72,0,0.814461753,4300.0,16,0,2,0,0.0,0
0.20622743,68,0,0.198984966,10442.0,23,0,1,0,0.0,0
0.039179728,61,1,0.358676291,32000.0,13,0,6,0,0.0,0
0.881076071,28,0,0.261956341,6000.0,12,0,0,2,0.0,1
0.121270298,31,0,0.228885557,2000.0,5,0,0,0,0.0,0
0.337308348,57,1,0.479850047,3200.0,13,0,1,1,2.0,0
0.03304371,69,0,0.016660356,2640.0,4,0,0,0,0.0,0
0.578177728,25,0,0.590720483,2650.0,11,0,1,0,1.0,1
1.000782541,49,1,0.642629905,6600.0,9,0,1,1,0.0,1
0.285918309,29,1,0.442033898,1474.0,9,0,0,0,0.0,0
1.00313917,29,1,2.568862275,500.0,12,0,0,1,0.0,0
0.31750943,62,0,0.744654669,6500.0,20,0,1,0,0.0,0
0.043024108,60,0,40.0,,2,0,0,0,0.0,0
1.089460292,63,1,1288.0,,5,2,0,2,0.0,1
0.665244365,38,0,0.289847488,13375.0,15,0,1,0,3.0,0
0.277256573,58,0,0.464229115,8833.0,12,0,1,0,2.0,0
0.05099745,48,0,0.201982652,4841.0,2,0,1,0,2.0,0
0.442938807,80,0,0.333185202,9000.0,8,0,2,0,0.0,0
0.280366071,63,0,0.629327902,5400.0,10,0,2,0,0.0,0
0.619843503,66,0,2997.0,,14,0,1,0,0.0,0
0.001980029,69,0,0.583138954,3000.0,10,0,1,0,0.0,0
0.17728101,78,0,119.0,,4,0,0,0,0.0,0
0.674555227,50,0,0.442956274,33000.0,9,0,2,0,3.0,0
0.00222214,50,0,0.210875332,15833.0,8,0,2,0,5.0,0
0.277036148,41,0,0.070366204,8000.0,9,0,0,0,2.0,0
0.525684234,56,0,5595.0,,6,0,3,0,2.0,0
0.316165384,35,0,0.331385914,3080.0,8,0,0,0,0.0,0
0.095416277,46,0,0.229738354,4700.0,5,0,1,0,0.0,0
0.012553429,63,0,0.018392643,2500.0,10,0,0,0,0.0,0
0.96152513,35,0,0.221194701,4000.0,5,1,0,0,2.0,0
0.003529352,78,1,1391.0,,6,1,1,1,0.0,0
0.998615438,60,0,0.323494173,9180.0,6,0,1,0,1.0,0
0.076263925,31,0,0.00159968,5000.0,3,0,0,0,1.0,0
0.688049979,48,1,0.509629509,12253.0,11,0,3,0,2.0,0
0.246891589,47,3,0.504126547,4361.0,13,0,1,0,3.0,0
0.060066817,84,0,2480.0,,4,0,1,0,0.0,0
0.093312597,24,0,0.002499479,4800.0,2,0,0,0,0.0,0
0.083156674,46,0,0.100489951,10000.0,3,0,1,0,3.0,0
0.061357306,66,0,593.0,,34,0,1,0,0.0,0
0.232504999,22,0,0.0059985,4000.0,3,0,0,0,0.0,0
0.01439856,40,0,0.054389122,5000.0,3,0,0,0,0.0,0
0.0,68,0,242.0,,3,0,0,0,0.0,0
0.698976723,35,0,0.589326391,6145.0,11,0,1,0,2.0,0
0.00060323,66,0,0.005189029,10791.0,6,0,0,0,0.0,0
0.884322479,35,1,0.281430826,1900.0,6,0,0,0,1.0,1
0.695076328,57,1,0.386211104,4916.0,7,0,0,0,0.0,0
0.0,39,1,0.465420783,8400.0,7,0,2,0,1.0,0
0.0,52,0,1855.0,0.0,3,0,1,0,0.0,0
0.0,38,0,0.828021497,8000.0,9,0,3,0,3.0,0
0.042415253,50,0,890.0,,8,0,2,0,1.0,0
0.145903584,59,0,0.479955662,5412.0,4,0,1,0,0.0,0
0.030596363,78,0,725.0,,5,0,1,0,0.0,0
0.036813032,45,0,632.0,,5,0,1,0,0.0,0
0.123438206,54,0,2412.0,,9,0,1,0,2.0,0
0.024866156,87,0,0.002699055,5927.0,4,0,0,0,0.0,0
0.632247596,68,0,0.143485651,10000.0,9,0,0,0,1.0,0
0.07296215,49,0,0.259409221,10866.0,11,0,2,0,2.0,0
0.362547775,60,1,7232.0,,12,0,2,1,0.0,0
0.258783205,39,0,0.381936471,5225.0,5,0,1,0,0.0,0
0.023326055,67,0,34.0,,6,0,0,0,,0
0.9999999,49,0,2.141742523,768.0,5,0,1,0,0.0,0
0.438347603,43,0,0.325533175,3375.0,8,0,2,0,1.0,0
0.07006516,57,0,0.392880949,7500.0,10,0,2,0,3.0,0
0.314595927,63,1,0.338830585,3334.0,11,0,1,0,1.0,1
0.180945476,66,0,0.119792369,14833.0,3,0,1,0,3.0,0
0.535892821,33,0,0.785134291,1600.0,4,0,1,0,2.0,0
0.006729945,64,0,2.072069546,10697.0,15,0,11,0,0.0,0
0.017364592,64,0,2530.0,,11,0,3,0,1.0,0
0.946263434,41,2,0.202661431,4583.0,5,1,0,0,0.0,0
0.111456247,52,0,0.223615969,8290.0,19,0,1,0,2.0,0
1.017928974,63,1,0.466042155,5550.0,7,0,1,0,0.0,1
0.021184332,60,0,0.715350224,1341.0,6,0,1,0,0.0,0
0.511025503,40,0,0.154057772,15266.0,9,0,2,0,0.0,0
0.03159842,47,0,18.0,,2,0,0,0,0.0,0
0.780730897,37,0,0.122552448,5719.0,8,0,0,0,1.0,0
0.447123514,77,0,0.519296905,7850.0,13,0,2,0,0.0,0
0.0,40,0,0.407687181,4500.0,5,0,1,0,0.0,0
0.044870788,67,0,0.109232638,9877.0,10,0,0,0,0.0,0
0.044462317,41,0,0.391288522,8241.0,13,0,2,0,1.0,0
0.081091891,29,1,0.005440943,4410.0,3,0,0,0,0.0,0
0.077134986,23,0,0.086765294,2500.0,4,0,0,0,0.0,0
0.431291817,39,0,0.577211394,2000.0,11,0,1,0,2.0,0
0.297816788,43,0,0.542639659,7750.0,6,0,2,0,2.0,0
0.069888368,43,0,0.361452641,8783.0,3,0,1,0,3.0,0
0.019222268,78,0,0.028452464,1440.0,9,0,0,0,0.0,0
0.0,58,0,0.152403535,13916.0,10,0,2,0,0.0,0
0.004692187,81,0,170.0,,6,0,0,0,0.0,0
0.810945274,49,0,4.0,,1,0,0,0,0.0,0
0.884424827,62,0,1.171948052,1924.0,11,0,1,0,0.0,0
0.9999999,47,0,0.370691923,3800.0,6,0,0,0,1.0,0
0.343953788,64,0,0.276180955,4000.0,9,0,1,0,0.0,0
0.9999999,42,0,0.0,2400.0,0,0,0,0,0.0,0
0.430505672,51,0,0.382286634,3104.0,9,0,3,0,0.0,0
0.876678083,55,0,0.489269389,12906.0,11,0,3,0,2.0,0
0.025725154,76,0,0.167493201,6250.0,9,0,1,0,0.0,0
0.0,41,0,0.123684696,5416.0,3,0,0,0,2.0,0
0.9999999,49,0,0.3837687,12900.0,5,0,1,0,2.0,0
0.744831676,42,0,0.667777408,3000.0,9,0,2,0,2.0,1
0.0,69,0,0.195573923,7500.0,6,0,1,0,0.0,0
0.0,53,0,20.0,,4,0,0,0,0.0,0
1.029169607,25,0,0.314345501,4300.0,18,0,1,1,0.0,1
0.001333319,34,0,0.059993685,9500.0,7,0,0,0,2.0,0
1.011473529,30,1,0.425805854,10795.0,9,0,1,0,1.0,1
0.120522977,90,0,130.0,,5,0,0,0,0.0,0
0.052684574,52,0,0.19429498,13566.0,12,0,1,0,0.0,0
0.079638407,66,0,0.017876079,6600.0,7,0,0,0,0.0,0
0.794220578,69,0,0.737511353,1100.0,8,0,0,0,0.0,0
0.166973478,62,0,0.027371579,8000.0,9,0,0,0,0.0,0
0.679449477,66,0,0.605997501,2400.0,5,0,3,0,0.0,0
0.565420723,54,2,0.297542651,19166.0,22,0,2,0,0.0,0
0.383887268,56,0,1857.0,,17,0,1,0,0.0,0
0.007666156,59,0,3.0,,1,0,0,0,0.0,0
0.037468384,35,0,0.116739581,4342.0,3,0,0,0,0.0,0
0.01896458,57,0,0.861018993,3316.0,8,0,3,0,0.0,0
0.259989773,49,0,0.470113325,13500.0,15,0,4,0,1.0,0
0.560273573,45,1,0.340528239,14500.0,16,0,2,0,2.0,0
0.9999999,75,0,0.110406196,12136.0,2,0,2,0,0.0,0
0.221186397,35,1,0.237351655,1600.0,7,0,0,0,0.0,1
0.9999999,66,0,0.510934778,5166.0,5,0,2,0,0.0,0
0.738426037,46,0,1.522727273,1275.0,10,0,1,0,1.0,0
0.346234449,46,0,0.356827622,7703.0,9,0,2,0,0.0,0
0.033035349,54,0,0.647583133,5833.0,10,0,2,0,1.0,0
0.226611689,33,0,0.303486998,6767.0,7,0,1,0,2.0,0
0.008249794,49,0,0.312923633,4425.0,7,0,1,0,0.0,0
0.226834737,42,0,0.303671353,7326.0,11,0,1,0,0.0,0
0.190131667,50,0,0.015972974,237400.0,10,0,2,0,3.0,0
0.100603451,71,0,0.069405886,1800.0,8,0,0,0,0.0,0
0.54965865,39,0,0.545828716,6316.0,22,0,2,0,1.0,1
0.998901099,27,1,0.272680677,1950.0,2,1,0,0,0.0,1
0.863427315,52,0,0.081447141,11000.0,5,0,0,0,0.0,0
0.021502145,40,0,0.24764353,3500.0,5,0,1,0,3.0,0
0.110131756,38,0,0.082939567,8041.0,12,0,0,0,3.0,0
0.030815255,67,0,0.016826004,2614.0,14,0,0,0,0.0,0
0.066936043,74,0,0.223590408,3085.0,6,0,0,0,0.0,0
0.92103948,43,0,0.404690483,3666.0,7,0,1,0,0.0,0
0.02089484,78,0,0.518370407,4000.0,9,0,3,0,1.0,0
0.00543222,60,0,9.0,,6,0,0,0,0.0,0
0.880133185,32,0,0.301347709,1854.0,3,3,0,2,0.0,0
0.153624725,36,1,0.47518633,5500.0,8,0,1,0,3.0,0
0.9999999,48,0,0.005171522,5800.0,0,0,0,0,4.0,0
0.054102491,71,0,0.265173483,10000.0,6,0,3,0,1.0,0
0.0,63,0,0.0,3097.0,1,0,0,0,0.0,0
0.046297433,49,0,0.387243957,10300.0,11,0,4,0,0.0,0
0.9999999,82,0,21.0,,3,0,0,0,0.0,0
0.189818004,62,0,15.47011952,250.0,12,0,2,0,2.0,0
0.101001988,61,0,0.217114791,15880.0,5,0,1,0,0.0,0
0.168891893,53,0,0.440837937,4343.0,7,0,1,0,2.0,0
0.366449427,55,0,0.464910594,5200.0,17,0,1,0,0.0,0
0.0,63,0,0.0,4000.0,4,0,0,0,0.0,0
0.137251912,27,0,0.063909037,5100.0,16,0,0,0,0.0,0
0.012182249,39,1,0.259710452,5663.0,11,0,2,0,2.0,0
0.489150362,48,0,0.199764752,5100.0,4,0,0,0,3.0,0
0.037758831,77,0,302.0,,7,0,0,0,0.0,0
0.047761348,39,0,0.193282748,17000.0,13,0,2,0,0.0,0
0.05531812,66,0,42.0,,6,0,0,0,,0
0.088403235,40,0,3057.0,,6,0,2,0,,0
0.047965871,61,0,3013.0,,21,0,2,0,0.0,0
0.206482964,45,0,0.463670127,10500.0,12,0,2,0,1.0,0
0.031926819,52,0,0.004772727,4399.0,2,0,0,0,2.0,0
0.052623363,56,0,0.074168798,4300.0,7,0,0,0,2.0,0
0.074269222,57,0,0.233517342,9600.0,14,0,1,0,1.0,0
0.038289507,78,0,479.0,,9,0,0,0,0.0,0
0.054484158,53,0,0.008779631,6833.0,4,0,0,0,0.0,0
0.700557148,56,0,0.283218889,8300.0,6,0,1,0,2.0,0
0.130922863,42,0,0.345332476,14000.0,15,0,2,0,4.0,0
0.887642477,44,0,0.550493963,5465.0,5,0,1,0,2.0,0
0.012140214,41,0,0.592437739,5500.0,17,0,3,0,2.0,0
0.086576619,38,0,484.0,,9,0,0,0,2.0,0
0.353458617,49,0,0.149391149,10100.0,5,2,1,0,0.0,1
0.360907571,72,0,0.356679286,3697.0,6,0,1,0,0.0,0
0.020095221,79,0,0.009703645,3812.0,9,0,0,0,0.0,0
0.933992024,61,0,0.782475234,7166.0,10,0,2,0,0.0,0
0.965743266,51,2,0.755144033,1943.0,7,0,0,1,1.0,0
0.774086379,47,0,35.0,,1,0,0,0,0.0,0
0.065841651,60,0,0.148453279,18813.0,10,0,1,0,2.0,0
0.347281322,55,0,0.578253968,6299.0,13,0,1,0,1.0,0
0.057384174,47,0,0.886022795,5000.0,12,0,2,0,0.0,0
0.024974639,39,0,0.201886792,12189.0,7,0,2,0,2.0,0
0.192846006,52,0,4783.0,,11,0,2,0,1.0,0
0.9999999,34,0,0.0,1421.0,0,1,0,0,1.0,0
0.0,55,0,0.346724184,3708.0,9,0,1,0,0.0,0
0.53912639,49,0,0.164967007,5000.0,11,0,0,0,1.0,0
0.113181232,51,0,0.112118543,19300.0,13,0,2,0,2.0,0
0.105563385,35,0,0.205509887,4500.0,13,0,0,1,0.0,0
0.0,41,0,0.0,,4,0,0,0,0.0,0
0.056919602,63,1,0.225176371,18993.0,17,0,2,0,0.0,0
0.83261914,44,0,0.301488558,4500.0,5,0,2,0,0.0,0
0.592545685,50,0,0.522901315,6920.0,11,0,2,0,0.0,0
0.062638241,69,0,0.327073552,3833.0,8,0,2,0,1.0,0
0.013722647,69,0,5968.0,,16,0,3,0,0.0,0
0.095000066,42,0,0.433298862,2900.0,9,0,0,0,2.0,0
0.43220339,47,0,0.107243916,3533.0,4,2,0,1,0.0,1
0.530822951,60,0,0.52304336,11000.0,15,0,3,0,1.0,0
0.098585336,35,0,0.37493751,6000.0,13,0,1,0,0.0,0
0.0,84,0,0.008715596,2179.0,2,0,0,0,0.0,0
0.041382491,50,0,51.0,,2,0,0,0,3.0,0
0.400335992,63,0,0.576792772,7083.0,17,0,2,0,0.0,0
0.0,65,0,0.128658089,15000.0,6,0,1,0,0.0,0
0.9999999,56,0,0.368753288,1900.0,6,0,0,0,0.0,0
0.02039898,46,0,0.667525773,2715.0,7,0,1,0,2.0,0
0.058739462,60,0,0.09728151,4450.0,11,0,0,0,0.0,0
0.000291661,55,0,0.241921678,9345.0,11,0,2,0,1.0,0
0.463638891,45,0,0.449663623,8323.0,12,0,0,0,2.0,0
0.220821447,44,0,0.027903887,9030.0,5,0,0,0,1.0,0
0.847394771,60,3,0.536957242,6033.0,12,1,1,0,0.0,0
0.0,28,1,1943.0,,8,0,0,0,1.0,0
0.018990505,24,0,0.001218027,820.0,2,0,0,0,0.0,0
0.079666759,45,0,0.127822319,57000.0,22,0,1,0,1.0,0
0.937531861,64,2,0.563646207,14776.0,9,0,2,1,1.0,0
0.014671248,44,1,0.315680596,4833.0,12,0,2,0,2.0,0
0.046221474,49,0,0.294585271,6666.0,13,0,2,0,1.0,0
0.9999999,32,1,0.099484536,3879.0,2,15,0,0,3.0,0
0.9999999,26,0,0.006996502,2000.0,1,0,0,0,0.0,0
0.632317474,61,0,0.340683572,2720.0,4,1,1,0,0.0,0
1.053324869,36,2,0.186700767,5864.0,5,2,1,2,2.0,1
0.0,45,0,0.135716071,4000.0,6,0,0,0,1.0,0
0.034409335,45,2,0.246047572,14041.0,8,0,2,0,1.0,0
0.983818917,33,0,0.314016532,11250.0,3,0,1,0,2.0,0
0.237958109,60,1,1264.0,,10,0,1,0,0.0,0
0.389328243,29,0,0.171131547,2500.0,2,0,0,0,0.0,0
0.04279424,44,0,0.216458806,10583.0,14,0,1,0,2.0,0
0.806544463,74,0,0.41026806,2200.0,6,0,0,0,0.0,0
0.0010261,68,0,0.468277946,3640.0,18,0,2,0,2.0,0
0.01025403,65,3,1613.0,,18,0,1,0,0.0,0
0.52710085,50,3,0.467539553,5498.0,15,1,1,1,1.0,1
0.660930795,38,0,0.39287945,1600.0,7,0,0,0,3.0,1
0.08458817,46,0,0.189913318,2537.0,10,0,0,1,1.0,0
0.334283286,50,0,0.309586302,8000.0,4,0,1,0,3.0,0
0.07417981,58,0,1897.0,,18,0,1,0,0.0,0
0.017889656,55,0,569.0,,14,0,1,0,0.0,0
0.974039642,26,1,0.196983141,1126.0,4,0,0,0,1.0,0
0.437460284,56,0,0.586869266,6975.0,15,0,3,0,1.0,0
0.0,38,0,0.574978578,3500.0,6,0,1,0,2.0,0
0.854461301,57,1,0.256599594,10833.0,6,0,1,0,2.0,0
0.895961874,51,0,0.512058928,8416.0,5,0,2,1,2.0,0
0.620422447,42,0,148.0,,1,0,0,0,0.0,0
0.011443436,58,0,0.297557033,11133.0,13,0,1,0,2.0,0
0.017732151,45,0,0.000933209,7500.0,4,0,0,0,0.0,0
0.423687266,69,0,0.205025573,4496.0,4,0,0,0,1.0,0
0.076950765,44,0,0.205424661,16000.0,8,0,2,0,4.0,0
0.097111758,55,0,0.209375636,9833.0,7,0,1,0,0.0,0
0.234117725,40,0,3033.0,,7,0,2,0,0.0,0
0.19797335,70,0,0.38714838,7500.0,21,0,1,0,1.0,0
0.942327072,63,0,0.667026444,7411.0,17,0,1,0,1.0,0
0.0,32,0,0.028934368,4250.0,1,2,0,0,0.0,0
0.997678986,47,0,0.231683542,15900.0,13,0,1,0,0.0,0
0.459435265,62,0,0.629621527,9141.0,22,0,2,0,0.0,0
0.598748883,56,3,0.524658217,18066.0,12,2,2,0,1.0,1
0.0,81,0,0.0,7500.0,7,0,0,0,0.0,0
0.274922647,45,2,0.600375738,3725.0,8,0,2,0,2.0,0
0.142380259,28,0,0.383873957,5394.0,22,0,1,0,0.0,0
0.268182997,86,1,1749.0,,18,0,0,0,0.0,0
0.530205779,62,0,0.169971671,6000.0,5,0,0,0,0.0,0
0.01139924,44,0,0.007132668,700.0,2,0,0,0,3.0,0
0.042866498,59,1,0.285130211,11250.0,8,0,1,0,1.0,0
0.646385385,46,0,0.639781362,7500.0,15,0,1,0,1.0,0
0.148463367,60,0,0.402708624,5020.0,13,0,1,0,0.0,0
0.019398474,77,0,0.020723505,5500.0,15,0,0,0,0.0,0
0.141228518,62,0,0.406338427,5300.0,13,0,2,0,1.0,0
0.875973047,79,0,1.064918851,800.0,6,0,0,0,0.0,0
0.023879373,59,1,0.425492034,3200.0,8,0,1,0,1.0,0
0.493715265,46,0,743.0,,4,0,0,0,0.0,0
0.031949201,75,0,0.008603124,4416.0,3,0,0,0,0.0,0
0.184908679,55,0,0.180419094,11500.0,9,0,2,0,3.0,0
0.447456817,63,0,0.521103218,7178.0,11,0,1,0,0.0,0
0.257603595,57,0,0.313247307,8446.0,25,0,3,0,2.0,0
0.997002997,44,0,0.154711322,4000.0,5,0,0,0,1.0,0
0.00294257,49,0,0.534993397,5300.0,22,0,2,0,2.0,0
0.633749629,40,0,0.330283486,6666.0,7,0,1,0,3.0,0
0.511774928,68,0,2.091954023,2000.0,17,0,2,0,0.0,0
0.202986038,41,0,0.250071998,10416.0,6,0,1,0,2.0,0
0.9999999,37,0,0.0,5750.0,1,2,0,0,3.0,0
0.0,45,0,0.460930641,3416.0,5,0,2,0,2.0,0
0.101540217,56,0,0.388124864,4580.0,10,0,1,0,0.0,0
0.109715321,45,0,0.323474276,4800.0,8,0,1,0,2.0,0
0.927256792,54,1,0.230695536,5218.0,11,0,0,0,2.0,0
0.018571922,72,0,0.109378124,5000.0,19,0,0,0,0.0,0
0.107420987,52,0,0.180181924,5166.0,11,0,1,0,0.0,0
0.239356833,68,0,0.210455529,17100.0,17,0,2,0,1.0,0
0.287994566,84,1,1415.0,,15,0,1,0,0.0,0
0.161216958,34,0,0.141199226,5686.0,12,0,0,0,1.0,0
0.231777981,61,0,0.408276286,13000.0,13,0,3,1,0.0,1
0.985389781,51,1,0.515205086,56000.0,42,0,25,0,1.0,0
0.213345123,54,0,0.536800785,8151.0,13,0,2,0,1.0,0
0.039435035,42,0,0.008032129,2240.0,2,0,0,0,0.0,0
0.11371836,66,0,0.392202599,3000.0,10,0,1,0,0.0,0
0.387890838,43,0,1.141571686,5000.0,16,0,3,0,1.0,0
0.264462006,45,0,0.899504806,3432.0,13,0,3,0,0.0,0
1.180327869,49,1,0.616717771,7500.0,9,0,2,0,0.0,1
0.569218433,37,0,0.23571175,2816.0,6,0,0,0,0.0,0
0.037981009,63,0,742.0,,7,0,0,0,0.0,0
0.824695884,34,0,0.191900076,2641.0,5,0,0,0,0.0,0
0.172919276,49,1,0.091532396,2916.0,9,0,0,0,0.0,0
0.9999999,38,0,693.0,,3,8,0,0,0.0,1
0.618470203,50,0,2005.0,,9,0,2,0,0.0,0
0.856391373,38,0,539.0,,5,1,0,1,0.0,1
0.426678666,44,0,1855.0,,2,0,1,0,0.0,0
0.0,63,0,1646.0,0.0,4,0,1,0,0.0,0
1.731343284,32,2,0.107732981,3025.0,2,2,0,0,2.0,0
0.284371373,55,0,1.096686224,12100.0,20,0,6,0,3.0,0
0.020119566,66,0,0.236201577,2916.0,16,0,1,0,0.0,0
0.126846221,40,1,2471.0,0.0,9,0,2,0,4.0,0
0.487158975,79,1,3560.0,,20,0,3,0,0.0,0
0.163490452,64,0,0.638951877,3968.0,11,0,2,0,0.0,0
0.035386632,70,0,21.0,,3,0,0,0,,0
0.06614367,66,0,0.262818446,3100.0,7,0,1,0,0.0,0
0.210757619,46,0,198.0,,3,0,0,0,,0
0.763328603,58,0,0.636421589,4705.0,15,0,2,0,0.0,0
0.047526189,35,0,0.193468795,6889.0,11,0,0,0,4.0,0
0.9999999,77,0,26.0,,1,0,0,0,,0
0.072747833,32,0,0.353825322,7384.0,5,0,2,0,0.0,0
0.006749663,58,0,1068.0,,3,0,1,0,0.0,0
0.020515747,50,0,0.245448415,2965.0,9,0,1,1,2.0,0
0.215287599,43,0,0.421595982,3583.0,9,0,1,0,0.0,0
0.205553728,45,0,0.735926972,4600.0,20,0,2,0,0.0,0
0.069546252,44,0,0.079168333,2500.0,7,0,0,0,2.0,0
0.618717825,54,2,1.065423163,3591.0,20,0,1,0,0.0,0
0.003459931,47,0,0.168007803,4100.0,9,0,0,0,2.0,0
0.144514668,35,0,0.040647968,20000.0,6,0,0,0,0.0,0
0.22913615,63,0,0.380361329,7250.0,8,0,1,0,0.0,0
0.325507587,35,0,0.653869226,3333.0,9,0,1,0,1.0,0
0.801999048,63,1,2084.0,,7,0,1,0,0.0,1
0.217594135,75,0,19.0,,5,0,0,0,0.0,0
0.994615845,46,0,0.744879899,3954.0,10,0,2,0,3.0,0
0.9999999,31,0,0.085143054,2900.0,2,0,0,0,1.0,0
0.542497167,55,0,1765.0,,7,0,1,1,0.0,0
0.0,54,0,1273.0,,3,0,2,0,0.0,0
0.137941468,59,0,0.594922346,14100.0,22,0,6,0,0.0,0
0.831737928,48,0,0.653589933,1350.0,7,0,0,0,0.0,0
0.871272832,38,0,811.0,,20,0,0,1,0.0,1
0.993128068,29,0,0.114209659,7888.0,7,0,0,0,0.0,0
0.337774577,64,0,0.257371314,2000.0,13,0,0,0,0.0,0
0.954136391,54,0,0.550821233,4200.0,4,0,1,0,3.0,0
0.44766787,55,0,0.212412712,14033.0,13,0,1,0,0.0,0
0.087575832,60,0,0.066284977,12400.0,4,0,1,0,0.0,0
0.199612524,42,0,0.05062625,9500.0,4,0,0,0,0.0,0
0.001709282,72,0,0.64686529,5470.0,12,0,2,0,2.0,0
0.266720737,75,0,403.0,,6,0,0,0,,0
0.001119808,56,0,0.190629183,3734.0,12,0,1,0,0.0,0
0.389507366,78,0,0.222751729,6504.0,5,0,1,0,1.0,0
0.174063437,69,0,2075.0,,12,0,2,0,0.0,0
0.97020298,31,0,0.085245902,6404.0,3,0,0,0,3.0,0
0.154687564,32,0,0.029081097,6670.0,5,0,0,0,0.0,0
0.012961289,45,0,0.13247792,6000.0,10,0,1,0,1.0,0
0.058963878,81,2,0.114977005,5000.0,18,0,0,0,0.0,0
0.359541199,31,2,0.424831849,5500.0,8,0,1,0,1.0,0
0.099045048,60,0,0.159357531,12700.0,3,0,1,0,0.0,0
0.023960617,49,0,0.329207332,4200.0,6,0,2,0,2.0,0
0.005373784,87,0,2.0,,5,0,0,0,,0
0.911359096,55,1,0.228506141,3500.0,13,0,0,0,2.0,0
0.02102914,43,0,0.170775171,3366.0,3,0,1,0,2.0,0
0.835190853,68,2,0.572937522,14484.0,24,0,4,0,1.0,0
0.340659341,69,0,0.213487198,2772.0,4,0,0,0,0.0,0
0.089391061,49,0,0.18990755,7787.0,5,0,1,0,3.0,0
0.064461984,56,0,0.258061325,10109.0,6,0,2,0,0.0,0
0.9999999,27,0,358.0,,1,1,0,0,0.0,0
0.000255665,49,0,0.022359595,7602.0,11,0,0,0,0.0,0
0.9999999,32,0,0.306815642,4474.0,5,0,1,0,0.0,0
0.9999999,53,0,11.0,,1,2,0,0,,0
0.002977181,49,0,0.159735268,34600.0,14,0,3,0,3.0,0
0.999315303,32,0,0.329896907,3200.0,7,0,0,0,0.0,0
0.0,35,0,0.608821242,9000.0,8,0,3,0,2.0,0
0.408422406,44,0,0.461613501,10250.0,19,0,2,0,2.0,0
0.098483825,56,0,0.476435304,3500.0,6,0,1,0,3.0,0
0.124867196,70,0,0.009831695,6000.0,2,0,0,0,0.0,0
0.094842916,47,1,0.154748968,4600.0,10,0,0,0,1.0,0
0.9999999,39,0,0.359234395,7000.0,3,0,2,0,5.0,0
0.329467413,60,0,0.425733456,7600.0,16,0,2,0,1.0,0
0.006938931,59,0,0.097370137,4600.0,12,0,0,0,1.0,0
0.0,58,0,0.53699178,4500.0,8,0,1,0,1.0,0
0.007523571,69,0,0.24688057,4487.0,9,0,2,0,0.0,0
0.003166601,89,0,4.0,,2,0,0,0,0.0,0
0.207222886,74,0,0.686578355,4000.0,23,0,2,0,1.0,0
0.466982039,58,0,0.749535237,11833.0,22,0,5,1,0.0,0
0.00991722,81,0,3.0,,4,0,0,0,0.0,0
0.286690995,41,2,2688.0,,10,0,2,0,0.0,0
0.046661393,71,0,0.137902897,2450.0,14,0,1,0,0.0,0
0.087833186,55,0,187.0,1.0,7,0,0,0,0.0,0
0.033852643,57,0,0.056090414,7166.0,13,0,0,0,1.0,0
0.799157576,38,0,0.810496381,3867.0,12,0,2,0,2.0,0
0.043717015,33,0,1.986802639,5000.0,10,0,7,0,1.0,0
0.631259134,39,0,0.273340433,2816.0,7,0,0,0,0.0,0
0.903171099,32,0,3.603491272,400.0,11,0,0,0,1.0,0
0.600066364,53,1,0.50857819,5070.0,15,0,1,0,1.0,0
0.513585769,54,0,0.472770976,13312.0,12,0,3,0,1.0,0
0.0,45,0,0.325499944,8850.0,3,0,1,0,3.0,0
0.150271108,36,0,0.504021008,6092.0,9,0,1,0,0.0,0
0.9999999,57,0,0.099743766,16000.0,5,2,1,0,3.0,0
0.043308968,65,0,1666.0,,8,0,1,0,0.0,0
0.058943232,42,0,0.009425878,3500.0,4,0,0,0,2.0,0
0.122952281,36,0,0.452402816,9800.0,9,0,3,0,3.0,0
0.135636225,47,0,0.075425364,5700.0,10,0,0,0,0.0,0
0.451839449,27,0,1.563106796,2677.0,14,0,3,0,1.0,1
0.9999999,49,0,0.0,8035.0,0,0,0,0,4.0,0
0.9999999,37,0,0.846630674,5000.0,6,0,3,0,1.0,0
0.004249823,73,0,0.250319898,6251.0,10,0,2,0,0.0,0
0.862117235,68,1,1.045709537,4812.0,13,0,1,0,0.0,0
0.0,22,0,0.0,1000.0,2,0,0,0,0.0,0
0.029589778,60,0,0.277373164,8100.0,9,0,2,0,0.0,0
0.061510913,64,0,0.223436161,9335.0,10,0,1,0,0.0,0
0.9999999,27,4,0.831445703,1500.0,4,3,1,0,0.0,1
0.755390495,33,0,0.343142842,19300.0,8,0,2,0,0.0,0
0.001110957,39,0,0.001999429,3500.0,4,0,0,1,1.0,0
1.016496243,48,2,3.274362819,666.0,4,0,1,0,3.0,1
0.0239988,39,0,0.138111431,3822.0,7,0,0,0,0.0,0
0.021909794,41,0,0.183824317,9334.0,4,0,2,0,4.0,0
0.189993624,33,0,0.546340304,4207.0,7,0,1,0,0.0,0
0.585467916,50,0,0.478137075,9833.0,12,0,2,0,2.0,0
0.172429213,58,0,3.742628686,2000.0,35,0,3,0,0.0,0
0.340833227,55,0,3020.0,,11,0,3,0,0.0,0
0.772845431,62,1,0.725148515,2524.0,6,0,1,0,0.0,0
0.003555358,70,0,0.18566124,3500.0,13,0,1,0,1.0,0
0.122671481,53,0,0.711601406,8248.0,14,0,3,0,2.0,0
0.020155104,65,0,101.0,,17,0,0,0,0.0,0
0.77252847,49,0,0.446017446,13985.0,15,0,1,0,0.0,0
0.9999999,45,1,0.685777288,906.0,2,0,0,1,0.0,0
0.015489826,78,0,0.271226789,6300.0,14,0,1,0,0.0,0
0.201048027,52,0,0.581985742,5750.0,11,0,2,0,0.0,0
0.265789337,84,0,154.0,,7,0,0,1,0.0,0
0.0,62,0,0.013735047,2256.0,4,0,0,0,0.0,0
0.638312444,45,1,0.04603469,9166.0,6,0,0,0,0.0,0
0.0,45,0,0.382042996,14233.0,8,0,2,0,2.0,0
0.200593136,45,0,0.956835957,10100.0,9,0,2,0,0.0,0
0.126899109,55,0,0.333031088,7719.0,8,0,1,0,0.0,0
0.135674573,49,0,0.639204545,3167.0,5,0,2,0,0.0,0
0.300474535,48,2,0.86197049,2100.0,10,0,1,1,3.0,0
0.122072228,41,0,0.638133333,3749.0,9,0,1,0,1.0,0
0.054147293,54,0,0.750832517,5104.0,2,0,1,0,1.0,0
0.009999706,67,0,0.356157113,1883.0,5,0,1,0,1.0,0
1.303393214,34,2,0.138023837,2600.0,5,1,0,0,1.0,1
0.0,43,0,0.234861347,5300.0,4,0,1,0,0.0,0
0.168854146,46,0,0.431803609,10916.0,21,0,3,0,2.0,0
0.0,62,0,2031.0,,15,0,2,0,0.0,0
0.505908972,45,0,0.507507508,7658.0,10,0,2,0,1.0,0
0.613172375,72,0,0.698365082,6666.0,10,0,2,0,0.0,0
0.011911414,43,0,0.00265316,4145.0,6,0,0,0,0.0,0
0.44941721,64,1,0.388149134,3003.0,11,0,0,0,1.0,0
0.001119955,83,0,0.0,4000.0,1,0,0,0,0.0,0
0.003848172,54,0,0.646270086,9396.0,9,0,2,0,0.0,0
0.288892592,37,0,5000.0,,7,0,2,0,,0
0.219263431,62,0,722.0,,6,0,0,0,2.0,0
0.140294762,51,0,0.121515116,8500.0,8,0,0,0,2.0,0
0.9999999,23,0,0.520684736,700.0,2,0,0,0,0.0,0
0.867122248,47,0,0.243517776,3740.0,7,3,0,0,1.0,1
0.533716932,26,1,0.197786505,2800.0,5,0,0,0,0.0,1
0.04562092,45,0,1095.0,,5,0,1,0,2.0,0
0.08664451,48,0,0.097285068,4861.0,5,0,0,0,1.0,0
0.003244149,43,0,0.651185771,7083.0,8,0,3,0,0.0,0
0.9999999,31,0,0.860099929,1400.0,4,0,1,0,0.0,0
0.003796588,46,2,0.309448425,6000.0,7,0,1,0,2.0,0
0.393661623,50,0,0.226617913,22698.0,8,0,3,0,4.0,0
0.005124589,71,0,0.001904308,4200.0,7,0,0,0,0.0,0
0.9999999,56,0,4416.0,,3,0,1,0,0.0,0
0.029056431,62,0,0.206183835,5950.0,11,0,2,0,0.0,0
0.0,74,0,0.219842969,1400.0,6,0,1,0,0.0,0
0.027830993,55,0,0.190139631,5800.0,9,0,0,0,0.0,0
0.9999999,39,0,0.455892731,4250.0,3,0,1,0,3.0,0
0.252647453,64,1,0.106081644,3600.0,22,0,0,0,0.0,0
0.047045379,71,0,0.069437138,1900.0,8,0,0,0,0.0,0
0.058713813,44,0,0.300097752,7160.0,14,0,2,0,2.0,0
0.509993154,41,0,0.17378969,16565.0,8,0,0,0,2.0,1
0.666587311,29,0,1.083333333,3671.0,7,0,1,0,0.0,0
0.00945116,69,0,0.578985639,5500.0,11,0,2,0,0.0,0
0.0,76,0,38.0,,6,0,0,0,,0
0.552999484,32,0,0.155974004,6000.0,6,0,0,0,0.0,0
0.037273952,63,0,0.953488372,1805.0,8,0,1,0,0.0,0
0.006349683,58,0,0.597489062,5256.0,5,0,1,0,0.0,0
0.395900818,47,1,0.764478764,2330.0,10,0,1,0,0.0,0
0.0,43,0,0.0,2200.0,2,0,0,0,3.0,0
0.126179633,74,0,1589.0,,14,0,1,0,0.0,0
0.518240213,54,0,0.448310139,3017.0,6,3,0,0,0.0,0
0.01107328,56,0,3140.0,,7,0,2,0,0.0,0
0.052977226,62,0,0.344618242,14000.0,16,1,1,0,0.0,0
0.012663907,75,0,0.311114814,6000.0,14,0,1,0,2.0,0
0.94836978,34,0,0.41333135,6720.0,7,0,3,0,0.0,0
0.045900101,71,0,2644.0,,5,0,1,0,,0
0.140525911,71,0,0.390378206,6900.0,11,0,1,0,1.0,0
0.958809908,65,0,0.683172656,2281.0,11,0,2,0,0.0,0
0.275661767,51,1,0.33012418,7166.0,9,0,1,0,1.0,0
0.302953466,59,0,0.553588071,2145.0,7,0,1,0,1.0,0
0.9999999,46,0,0.0,,0,1,0,0,,0
0.0,46,0,0.003998857,3500.0,4,0,0,1,1.0,0
0.073043616,63,0,0.101024412,9175.0,11,0,0,0,0.0,0
0.334426158,55,0,0.499378573,4022.0,12,0,1,0,2.0,0
0.9999999,34,0,0.0,2720.0,0,0,0,0,1.0,0
0.385780711,60,0,0.179605231,20416.0,6,0,2,0,2.0,0
0.190192392,49,0,385.0,,6,0,1,0,0.0,0
0.270610893,44,0,0.409218388,8200.0,14,0,2,0,5.0,0
0.042508258,54,0,0.263490294,10766.0,9,0,2,0,0.0,0
0.911757998,67,0,0.865500458,20750.0,53,0,5,0,3.0,0
0.27241939,61,1,0.165541807,5333.0,7,0,0,0,0.0,0
0.008966368,53,0,0.825335215,2833.0,16,0,2,0,2.0,0
0.0,50,0,3854.0,,9,0,3,0,0.0,0
0.011982701,64,0,0.003375899,6812.0,8,0,0,0,2.0,0
0.007160052,80,0,0.163917164,2848.0,5,0,1,0,0.0,0
0.9999999,32,0,0.008330556,3000.0,1,1,0,0,2.0,0
0.080890479,42,0,0.034407777,7817.0,2,0,0,0,1.0,0
0.354022146,55,1,0.23770164,7500.0,6,0,1,0,0.0,0
0.9999999,56,0,0.019639935,1832.0,0,0,0,0,1.0,0
0.080365863,53,0,0.226258993,5559.0,12,0,1,0,0.0,0
0.00269706,65,0,623.0,,10,0,1,0,0.0,0
0.13008419,48,0,0.372631178,10500.0,10,0,1,0,1.0,0
0.114772131,53,1,0.504460792,6388.0,16,0,4,0,0.0,0
0.975151108,28,0,0.124383416,7500.0,7,0,0,0,1.0,0
0.27921854,43,0,0.455823793,8035.0,20,0,2,0,2.0,1
0.08891643,69,0,109.0,,6,0,0,0,0.0,0
1.00264667,38,2,0.472542946,3550.0,8,1,0,1,4.0,0
0.290226327,47,0,0.646085741,4291.0,18,0,2,0,1.0,0
0.320857601,58,0,0.330218439,16800.0,13,0,3,0,1.0,0
0.01270545,59,0,0.335677838,7250.0,13,0,2,0,2.0,0
0.243783748,55,0,0.054625829,9500.0,4,0,0,0,3.0,0
0.002492269,68,0,4120.0,,14,0,3,0,0.0,0
0.247699118,61,3,0.60630468,7200.0,13,0,3,2,1.0,0
0.040663956,62,0,0.055081803,36000.0,6,0,1,0,0.0,0
0.015265649,61,0,629.0,,6,0,0,0,0.0,1
0.038045922,63,0,0.091303909,9900.0,6,0,1,0,1.0,0
0.000799947,84,0,0.0,,7,0,0,0,,0
0.044639825,62,0,3068.0,,8,0,1,0,0.0,0
0.004119707,36,0,0.504246285,1883.0,6,0,1,0,1.0,0
0.615538662,40,0,0.488740135,24200.0,14,1,5,1,1.0,0
0.103375481,47,1,0.104946754,5821.0,10,0,0,1,3.0,0
0.00869913,73,0,37.0,,4,0,0,0,0.0,0
0.035716031,65,0,1223.0,,5,0,1,0,0.0,0
0.375439361,58,0,0.495377338,4650.0,13,0,2,0,1.0,0
0.000347821,63,0,0.266220391,3883.0,4,0,1,0,0.0,0
0.257989912,48,0,0.575265459,1600.0,11,0,1,0,2.0,0
0.012834757,37,0,0.249937516,4000.0,8,0,1,0,2.0,0
0.091981604,29,0,237.0,0.0,2,0,0,0,0.0,0
0.627086244,44,0,0.753723111,3625.0,8,0,2,0,3.0,0
0.424748087,33,0,1.232188621,1950.0,8,0,1,0,0.0,0
0.976222345,30,0,0.284229284,3366.0,9,0,0,0,0.0,0
0.116271318,77,0,0.015496126,4000.0,3,0,0,0,0.0,0
0.763447024,59,5,5733.0,,15,0,1,0,0.0,1
0.982265266,29,0,0.137353963,9500.0,7,0,0,0,2.0,1
0.0,59,0,151.0,,3,0,0,0,0.0,0
0.389046027,78,0,408.0,,2,0,0,0,0.0,0
0.067788442,74,1,0.495788385,6766.0,16,0,4,0,0.0,0
0.001999926,44,0,625.0,,4,0,0,0,3.0,0
0.248998289,60,0,4652.0,,15,0,3,0,1.0,0
0.038838744,79,0,363.0,,13,0,1,0,0.0,0
0.041555043,54,1,0.13476742,5438.0,8,0,1,2,0.0,1
0.626599614,43,0,0.226776277,8514.0,9,0,0,0,2.0,0
0.006488054,67,0,0.221670802,13298.0,7,0,2,0,0.0,0
0.030118331,36,0,0.496717724,3198.0,9,0,1,0,0.0,0
0.001955469,47,0,5127.0,,4,0,2,0,1.0,0
0.9999999,58,0,0.0,3100.0,0,1,0,0,4.0,1
0.227249979,54,0,0.114049394,8583.0,11,0,0,0,2.0,0
0.9999999,48,0,0.365432687,8400.0,6,0,3,0,1.0,0
0.369841374,49,0,0.567531799,13600.0,18,0,1,0,1.0,0
0.072419639,44,0,0.37241536,4400.0,8,0,1,0,0.0,0
0.833243597,37,0,1655.0,,5,0,1,0,1.0,1
0.709184494,57,0,0.527170518,1600.0,8,0,0,0,0.0,0
0.028732042,27,0,0.190391459,2247.0,4,0,0,0,1.0,0
0.150377562,46,0,0.019070542,5400.0,3,0,0,1,3.0,0
0.516903196,43,0,0.259891389,3866.0,11,0,0,0,1.0,0
0.166967774,45,0,1801.0,,13,0,1,0,0.0,0
0.027566336,62,0,25.0,,4,0,0,0,0.0,0
0.245191827,53,0,0.238513897,7051.0,3,0,1,0,0.0,0
0.024454885,73,0,0.172640819,4100.0,4,0,1,0,0.0,0
0.0,47,0,0.288542292,5000.0,5,0,1,0,1.0,0
0.304067837,52,0,0.306615564,6000.0,9,0,3,0,1.0,0
0.040648896,53,0,0.173638516,3800.0,6,0,1,0,2.0,0
0.819311085,51,0,0.508774298,7407.0,14,0,2,0,0.0,0
0.888791282,50,0,0.29579646,9039.0,15,0,1,0,1.0,0
0.9999999,54,0,0.778863516,9414.0,11,0,4,1,0.0,1
0.359106816,28,0,0.337183474,2250.0,7,0,0,0,0.0,0
0.022345883,33,0,0.53531941,3255.0,7,0,1,0,1.0,0
0.533875932,53,0,0.683985003,5600.0,17,0,1,0,2.0,0
0.386301042,51,0,0.578937046,5098.0,17,0,1,0,2.0,0
0.9999999,34,0,0.131401449,4002.0,2,1,0,0,4.0,1
0.123590178,49,0,0.476502082,1680.0,9,0,0,0,1.0,0
0.9999999,39,0,0.0,,2,0,0,0,0.0,0
0.0,44,1,2440.0,,4,0,2,0,3.0,0
0.050169215,59,0,0.711572107,4000.0,14,0,1,0,1.0,0
0.246677299,36,0,0.137572486,5000.0,7,0,0,0,0.0,0
0.162588826,38,0,0.407258988,8733.0,5,0,1,0,0.0,0
0.877480133,32,0,0.455723542,4166.0,11,0,0,0,2.0,0
0.0,71,0,1750.0,,16,0,1,0,0.0,0
0.0,47,0,4.667946257,520.0,6,0,2,0,0.0,0
0.006177848,65,0,0.073886508,7700.0,14,0,1,0,0.0,0
0.091883784,61,0,0.314596756,4500.0,6,0,1,0,0.0,0
0.20603628,78,0,1622.0,,10,0,1,0,0.0,0
0.9999999,44,0,0.151701596,5200.0,4,0,0,0,2.0,0
0.009778465,67,0,424.0,,4,0,1,0,1.0,0
0.540641678,39,0,0.474250141,5300.0,14,0,1,0,2.0,1
0.293719042,54,2,0.304464005,6361.0,17,0,1,0,0.0,0
0.0,54,0,0.488691732,13750.0,5,0,3,0,0.0,0
0.031612953,74,0,87.0,,6,0,0,0,0.0,0
0.99187741,44,0,0.750617839,4450.0,11,0,1,0,2.0,0
0.543009147,57,0,0.582279616,11150.0,17,0,4,0,0.0,0
0.51089782,67,0,0.046761047,2330.0,5,0,0,0,0.0,0
0.133157315,35,0,0.207272727,1924.0,7,0,0,0,1.0,0
0.0,43,0,0.037403039,9410.0,3,0,0,0,0.0,0
0.23943662,81,0,0.259308511,5263.0,10,0,1,0,0.0,0
0.002283264,66,0,0.004470479,6486.0,12,0,0,0,0.0,0
0.698201199,43,0,0.40656668,7400.0,4,0,2,0,2.0,0
0.9999999,55,0,1229.0,,4,0,1,0,0.0,0
0.192772431,63,1,0.216567256,17938.0,18,0,2,0,0.0,0
0.941014746,32,0,0.879482657,1700.0,3,0,1,0,0.0,0
0.111884839,77,0,0.309129651,6100.0,19,0,2,0,0.0,0
1.258637155,33,0,3.667732907,2500.0,12,0,7,0,0.0,1
0.081963323,63,0,1682.0,,10,0,1,0,2.0,0
0.053475636,58,0,0.794541092,3333.0,7,0,2,0,0.0,0
0.074955635,67,0,2175.0,,5,0,1,0,0.0,0
0.247681002,40,0,0.528841717,6500.0,9,0,2,0,3.0,0
0.568195415,58,0,0.151694786,6578.0,4,0,0,0,2.0,0
0.008000901,41,0,1.490339773,1500.0,38,0,1,0,0.0,0
0.402876812,48,1,0.351909523,6100.0,10,0,2,0,1.0,0
0.0,62,0,0.509516709,11400.0,12,0,4,0,2.0,0
0.267648725,58,0,0.425,1799.0,9,0,1,0,0.0,0
0.012889925,66,0,0.291483407,2500.0,9,0,1,0,0.0,0
0.065330898,72,0,0.042383047,2500.0,8,0,0,0,0.0,0
0.007589329,59,0,0.580229688,9316.0,7,0,2,0,0.0,0
0.519153182,58,0,0.220229344,3400.0,9,0,0,0,0.0,1
0.048983122,34,0,0.089701471,7000.0,7,0,0,0,2.0,0
0.05106165,67,0,1073.0,,13,0,1,0,0.0,0
0.012692818,77,0,0.004498875,4000.0,7,0,0,0,0.0,0
0.821230006,51,0,0.018599845,15483.0,1,0,0,0,0.0,0
0.21684705,63,0,0.054393939,6599.0,4,0,0,0,0.0,0
0.14597673,63,0,1.309761722,1300.0,9,0,1,0,0.0,0
0.048518668,53,0,0.018415179,3583.0,5,0,0,0,2.0,0
0.735158105,66,0,176.0,,2,0,0,0,0.0,0
0.014778216,57,0,0.062793721,10000.0,6,0,0,0,1.0,0
0.971378161,27,1,0.12841439,6003.0,9,0,0,1,0.0,0
0.121200758,44,0,0.141505865,18500.0,9,0,2,0,0.0,0
0.223480875,50,1,0.307164895,5833.0,8,0,1,0,2.0,0
0.578417045,59,0,0.882056814,2780.0,11,0,2,0,0.0,0
0.269342525,56,0,3713.0,,10,0,2,0,0.0,0
0.00290481,79,0,0.065393461,10000.0,9,0,1,0,0.0,0
0.493500928,44,0,0.198244331,6834.0,4,0,1,0,3.0,0
0.185013059,56,1,0.64405085,7000.0,19,0,3,0,1.0,0
0.048838833,47,0,0.188947539,9282.0,18,0,1,0,0.0,0
0.014624315,60,0,0.380641578,7200.0,19,0,1,0,3.0,0
0.66991626,54,1,0.38449869,7250.0,9,0,2,0,2.0,0
0.096655941,76,0,70.0,,2,0,0,0,0.0,0
0.045907993,85,0,376.0,,7,0,0,0,0.0,0
0.116990284,62,0,0.222879684,1520.0,5,0,0,0,1.0,0
0.286897892,52,0,0.278368186,2916.0,10,0,0,0,2.0,0
0.451088022,32,0,0.027119458,16666.0,8,0,0,0,0.0,0
0.045323859,57,0,0.709835788,5906.0,13,0,3,0,3.0,0
0.0,26,0,0.0,3400.0,3,0,0,0,0.0,0
0.137552103,56,0,0.353232917,5443.0,8,0,1,0,1.0,0
0.111313754,27,0,0.114777045,5000.0,5,0,1,0,0.0,0
0.0,50,0,105.0,,4,0,0,0,0.0,0
0.021107202,33,0,0.14104223,8500.0,6,0,0,0,0.0,0
0.0,27,1,315.0,,1,0,0,0,0.0,0
0.167445814,31,0,0.35637149,12500.0,15,0,2,0,0.0,0
0.051973701,53,0,75.0,0.0,7,0,0,0,2.0,0
0.042563367,66,0,669.0,,5,0,1,0,0.0,0
0.0,56,1,0.002856327,3500.0,6,1,0,0,0.0,0
0.233306464,52,1,0.334373607,15700.0,11,0,1,0,1.0,0
0.056642707,55,0,0.017205301,4300.0,6,0,0,0,2.0,0
0.230562018,42,0,0.402649338,4000.0,8,0,1,0,2.0,0
0.133949071,77,0,0.24780803,6500.0,17,0,1,0,0.0,0
0.0,67,0,0.223864015,9000.0,11,0,1,0,0.0,0
0.59453117,40,2,0.240689828,4000.0,3,1,0,1,0.0,0
0.103293021,45,0,0.265146971,5000.0,10,0,1,0,0.0,0
0.094779711,26,0,0.122584943,1500.0,2,0,0,0,0.0,0
0.127452644,66,0,1498.0,,10,0,2,0,1.0,0
0.690524754,42,0,0.119888011,10000.0,5,0,0,0,2.0,0
0.153903761,60,0,0.23660483,9648.0,11,0,4,0,0.0,0
0.9999999,39,0,0.443019943,2807.0,7,0,0,0,2.0,0
0.388498957,54,0,0.473450344,4500.0,8,0,1,0,2.0,0
0.156388315,63,0,152.0,0.0,5,0,0,0,0.0,0
0.9999999,32,2,0.638593381,3383.0,5,0,2,0,1.0,1
0.037952543,46,0,0.820436875,2700.0,9,0,1,0,1.0,0
0.298733454,35,0,1.316720505,6500.0,10,0,4,0,2.0,1
0.03427468,41,0,29.0,,3,0,0,0,0.0,0
0.10542066,44,0,0.016383355,13000.0,5,0,0,0,2.0,0
0.174703347,55,0,118.0,,3,0,0,0,0.0,0
0.62540801,37,1,0.753042233,4190.0,15,0,1,0,2.0,0
0.806387226,32,0,0.063688213,4207.0,3,0,0,0,3.0,0
0.392116596,42,0,0.357014925,5024.0,18,0,0,0,0.0,0
0.0,57,0,0.209424084,2100.0,3,0,1,0,0.0,0
0.0,51,0,0.013063183,3750.0,5,0,1,0,2.0,0
0.0,55,0,14.0,,8,0,0,0,0.0,1
0.014262608,57,1,0.177364527,5000.0,8,1,1,0,0.0,0
0.675177494,41,0,0.462659789,4458.0,10,0,1,0,2.0,0
0.746987952,39,0,0.510301453,4610.0,7,0,1,0,1.0,0
0.5980755,29,1,0.147327249,2300.0,5,1,0,0,2.0,1
0.913140498,37,2,1.620344914,4000.0,16,0,3,0,1.0,1
0.081636192,46,0,0.379682754,5925.0,9,0,2,0,2.0,0
0.76832371,57,0,7518.0,,15,0,3,0,1.0,0
0.17460685,40,0,0.311965337,9000.0,7,0,2,0,2.0,0
0.110145373,65,0,0.02027027,2071.0,1,0,0,0,0.0,0
0.431482106,56,0,0.708172244,7500.0,17,0,1,0,2.0,0
0.01849013,50,0,0.426735219,3500.0,9,0,1,0,0.0,0
0.457154579,50,0,0.103425118,13400.0,7,0,0,0,2.0,0
0.962429233,32,1,0.71718946,3984.0,5,0,1,0,0.0,0
0.33282585,50,0,0.460416104,3700.0,12,0,0,0,0.0,0
0.190301616,38,1,0.519807479,2700.0,7,3,1,2,1.0,0
0.341717476,49,0,6530.0,0.0,12,0,3,0,5.0,0
0.527096239,46,2,0.736554047,9500.0,11,0,2,0,2.0,0
0.964529424,51,0,0.069741282,8000.0,3,0,0,0,1.0,0
0.018320499,67,0,911.0,,4,0,1,0,0.0,0
0.696265249,42,0,0.303688497,15100.0,8,0,1,0,1.0,0
0.088678828,63,0,0.099681866,6600.0,10,0,1,0,0.0,0
0.069866467,34,0,0.629592602,4000.0,18,0,1,0,0.0,0
0.005387221,54,0,2898.0,,7,0,1,0,0.0,0
0.321678322,24,0,0.009988901,900.0,1,0,0,0,0.0,0
0.379729622,33,1,0.38069602,5200.0,5,1,1,0,1.0,1
0.021608699,42,0,5359.0,,14,0,4,0,0.0,0
0.216962203,67,0,0.361788618,7133.0,11,0,2,0,0.0,0
0.018375545,52,0,0.228692827,4000.0,9,0,1,0,3.0,0
0.409341834,82,0,1.676931388,1850.0,7,0,1,0,0.0,0
0.841881879,44,4,0.388193467,13500.0,10,1,2,1,2.0,1
0.038398405,53,0,0.500049995,10000.0,11,0,1,0,1.0,0
0.167808075,42,0,2806.0,,8,0,1,0,0.0,0
0.092190781,60,0,0.550979608,2500.0,3,0,1,0,0.0,0
0.995128303,43,0,0.626895854,5933.0,8,0,1,0,0.0,1
0.899585773,48,1,1196.0,,5,0,0,1,0.0,1
0.297376705,42,1,0.218399691,5173.0,7,4,0,1,1.0,0
0.015792071,59,0,1624.0,,9,0,1,0,1.0,0
0.053496656,29,0,1622.0,,9,0,3,0,0.0,0
0.0,69,0,133.0,,6,0,1,0,1.0,0
0.189487486,64,0,0.294967226,9000.0,16,0,2,0,1.0,0
0.356092843,64,0,2448.0,,5,0,2,0,0.0,0
0.9999999,30,0,0.0,1.0,0,0,0,0,2.0,0
0.9999999,23,1,0.248089359,1700.0,2,0,0,0,0.0,0
0.926688791,46,0,0.600690165,4056.0,9,0,1,0,2.0,1
0.039967498,61,0,0.273590801,8000.0,13,0,2,0,0.0,0
0.226952796,58,0,0.481776765,8779.0,16,0,4,0,0.0,0
0.114480127,60,0,0.251071319,13067.0,12,0,2,0,1.0,0
0.512911005,38,1,0.194280908,3566.0,3,0,0,0,0.0,0
0.016975677,64,3,0.013096747,7100.0,9,0,0,0,0.0,0
0.0,32,0,0.293493309,2166.0,7,0,0,0,0.0,0
0.499750025,60,0,2.009569378,417.0,2,0,1,0,0.0,0
0.9999999,58,0,0.0,,1,1,0,2,0.0,1
0.0,37,0,0.304529393,9338.0,6,0,2,0,2.0,1
0.769011932,40,4,0.637272403,2800.0,9,0,0,0,3.0,0
0.454508261,61,0,0.375770705,6000.0,12,0,1,0,1.0,0
0.002847025,82,0,6.0,,5,0,0,0,0.0,0
0.010906892,83,0,14.0,,3,0,0,0,0.0,0
0.551980392,54,0,0.66863171,3222.0,13,0,1,0,2.0,0
0.323053149,56,1,0.411620931,9000.0,16,0,1,0,2.0,0
0.9999999,37,0,0.0,3800.0,2,0,0,1,0.0,0
0.375203073,60,1,0.151324162,16500.0,11,0,1,0,0.0,0
0.0,74,0,0.131308901,4774.0,5,0,1,0,0.0,0
0.9999999,50,0,2644.0,,4,0,1,0,0.0,0
0.768219128,68,1,0.687930243,2178.0,12,0,1,0,0.0,0
0.068387843,53,0,1.397556913,1800.0,20,0,2,0,0.0,0
0.032165093,41,0,0.308326463,8490.0,8,0,1,0,0.0,0
0.112855258,64,0,0.307576329,2652.0,6,0,1,0,0.0,0
0.02699183,62,0,0.191626744,4800.0,13,0,1,0,0.0,0
0.9999999,27,0,476.0,0.0,1,0,0,0,0.0,0
0.063829787,94,0,34.0,,4,0,0,0,,0
0.458081028,54,0,0.609315937,8200.0,22,0,2,0,2.0,0
0.766657823,54,0,3019.0,,4,0,1,0,0.0,0
0.543340538,47,0,0.149738696,4400.0,11,0,0,0,2.0,0
0.364015335,49,0,0.366389549,5051.0,9,0,2,0,0.0,0
0.352675269,48,1,0.198477571,35600.0,22,0,2,2,2.0,0
0.263186212,63,0,2633.0,,11,0,1,0,0.0,0
0.007663877,37,0,0.127020039,3093.0,9,0,0,0,1.0,0
0.896142433,56,0,1198.0,,3,0,0,1,4.0,0
0.123505163,46,1,0.229690984,6277.0,9,0,1,0,3.0,0
0.001354751,37,0,0.0,2478.0,2,0,0,0,1.0,0
0.9999999,67,0,865.0,,2,0,1,0,,0
0.02563023,39,2,0.503592627,3200.0,5,0,2,0,2.0,0
0.085645356,36,0,0.065478231,2916.0,18,0,0,0,1.0,0
0.001556983,65,0,1.0,,3,0,0,0,,0
0.13639923,49,0,0.387205387,5048.0,10,0,1,1,3.0,0
0.509147949,46,0,0.455568054,8000.0,14,0,2,0,2.0,0
0.0,34,0,0.731453709,5000.0,8,0,3,0,0.0,0
0.164373474,62,0,0.196765075,6367.0,6,0,1,0,0.0,0
0.26134417,32,0,0.180876595,7916.0,5,0,0,0,0.0,0
0.819180819,51,1,0.441925358,8600.0,9,1,3,0,2.0,0
0.122195112,37,0,0.096955007,6600.0,2,0,0,0,2.0,0
0.207652823,32,0,0.133166726,2800.0,5,0,0,0,0.0,0
0.535962335,52,0,0.41085117,10044.0,17,0,2,0,3.0,0
0.504648201,47,0,0.134056399,9219.0,6,0,0,0,2.0,1
0.192900592,33,0,0.438113031,2140.0,4,0,1,0,0.0,0
0.031322378,72,0,0.174117647,3399.0,7,0,0,0,0.0,0
0.001749368,51,0,1933.0,0.0,9,0,1,0,0.0,0
0.969458247,30,0,0.130967258,4000.0,2,0,0,0,2.0,1
0.786612586,51,0,0.357556038,5531.0,6,0,0,0,0.0,0
0.0,52,0,2351.0,,5,0,3,0,0.0,0
0.122504684,40,0,2885.0,,15,0,2,0,3.0,0
1.044955045,23,0,0.040121581,1644.0,2,0,0,0,0.0,0
0.9999999,47,1,0.358720223,5750.0,4,0,3,0,1.0,0
0.0,52,0,1724.0,,10,0,1,0,3.0,0
0.9999999,49,1,0.0,2036.0,0,0,0,0,0.0,0
0.704765078,26,0,0.710109622,820.0,3,0,0,0,0.0,0
0.007338946,82,0,0.147823629,7075.0,9,0,0,0,0.0,0
0.100379937,48,0,0.319912733,10083.0,7,0,3,0,0.0,0
0.72051242,29,0,0.114680946,2240.0,6,3,0,0,1.0,1
0.100173377,44,0,0.165314965,9000.0,9,0,1,0,2.0,0
0.9999999,24,0,0.140893471,3200.0,3,0,0,0,0.0,0
0.612457767,41,0,0.144568274,9600.0,7,0,0,0,1.0,0
0.015232524,79,0,0.297336213,8333.0,17,0,4,0,0.0,0
0.547854408,41,0,0.393950756,8000.0,5,0,2,0,2.0,0
0.066750568,66,0,0.274023126,10031.0,14,0,2,0,0.0,0
0.406381023,44,0,0.426397735,5651.0,11,0,1,0,0.0,0
0.0,49,0,0.096463023,7463.0,3,0,0,0,0.0,0
0.9999999,31,0,0.0,1600.0,0,2,0,0,0.0,1
0.004833172,51,0,2.210114389,1660.0,6,0,4,0,0.0,0
0.0,72,0,0.579597141,1538.0,9,0,1,0,0.0,0
0.9999999,31,0,0.106723319,4000.0,5,0,0,3,0.0,1
0.31802902,64,1,0.863421996,5300.0,16,0,1,0,1.0,0
0.269246181,57,0,3492.0,,16,0,1,0,2.0,0
0.292632798,64,0,0.399600114,3500.0,7,0,1,0,0.0,0
0.0,37,0,0.428293316,1540.0,13,0,1,0,2.0,0
0.953046953,28,0,0.170471588,6000.0,10,0,0,1,0.0,0
0.007758821,61,0,0.609701907,5400.0,7,0,1,0,0.0,0
0.081445928,54,0,6532.0,,7,0,2,0,0.0,0
0.099821849,54,0,1173.0,,4,0,2,0,0.0,0
0.08789866,69,0,1815.0,,10,0,1,0,0.0,0
0.05880047,27,0,0.065837601,4100.0,6,1,1,0,1.0,0
0.0,57,0,1855.0,,6,0,1,0,0.0,0
0.001739093,53,1,0.079968013,2500.0,10,0,0,0,3.0,1
0.830260992,56,0,0.724567362,6182.0,21,0,1,0,0.0,0
0.013362422,70,0,0.001428061,2800.0,2,0,0,0,0.0,0
0.977629063,44,0,1.193382154,3686.0,12,0,2,0,4.0,1
0.20806914,56,0,0.172187468,9750.0,14,0,2,0,0.0,0
0.0,37,0,410.0,,10,0,0,0,2.0,0
0.000874973,47,0,1702.0,,5,0,0,0,0.0,0
0.006418925,45,0,202.0,,5,0,0,0,0.0,0
0.046666005,74,0,0.014699265,6666.0,3,0,0,0,1.0,0
0.279819414,68,0,0.053760393,10583.0,4,0,0,0,1.0,0
0.008549573,62,0,0.003998001,2000.0,4,0,0,0,0.0,0
0.117564069,45,0,0.395920816,5000.0,14,0,1,0,1.0,0
0.917015167,61,0,0.749146581,9666.0,12,0,2,0,0.0,0
0.087511349,57,1,0.52988764,6674.0,12,0,2,0,2.0,0
0.00466563,67,0,0.306593668,4200.0,4,0,1,0,0.0,0
0.170781347,36,2,0.150257498,3300.0,7,0,0,0,1.0,1
0.166863136,38,1,0.383077472,2800.0,9,0,1,0,1.0,0
0.14415664,47,1,0.20748271,12000.0,5,0,1,0,2.0,0
0.0,22,0,0.0,,1,0,0,0,0.0,0
0.077708073,74,0,0.16712694,10500.0,14,0,1,0,0.0,0
0.126245847,22,0,1.0,,1,0,0,0,0.0,0
0.873473918,32,0,23.0,,1,0,0,0,,0
0.007347285,52,1,0.280898876,5517.0,6,0,1,0,0.0,0
0.105130472,52,1,0.692662256,13450.0,17,0,7,0,0.0,0
0.159358557,60,2,0.233233897,9050.0,15,0,2,0,0.0,0
0.40240278,62,0,4.753690037,1083.0,13,0,2,0,0.0,0
0.974890749,32,1,282.5,1.0,4,0,0,0,3.0,0
0.71134847,55,0,0.380368098,5215.0,9,0,0,0,1.0,0
0.270752851,37,0,0.660918144,8233.0,14,0,4,0,3.0,0
0.17531938,54,0,0.32454052,10500.0,9,0,2,0,2.0,0
0.110651357,64,0,104.0,,6,0,0,0,0.0,0
0.544361269,55,0,0.309274424,5250.0,12,0,1,0,0.0,0
0.999672775,38,4,0.165106791,8333.0,5,1,0,0,3.0,0
0.008110811,80,0,63.0,,5,0,0,0,,0
0.714852457,45,0,0.422023114,7700.0,10,0,1,0,3.0,0
0.73006102,54,0,0.409480297,3501.0,9,0,1,0,0.0,0
0.802810558,41,3,0.561797753,9166.0,11,0,1,1,1.0,1
0.944378476,52,0,0.330809884,7000.0,6,0,1,0,1.0,0
0.0,27,0,0.233906437,2500.0,5,0,0,0,1.0,0
0.0,64,0,1689.0,,3,0,1,0,0.0,0
0.041960066,75,0,283.0,,5,0,0,0,0.0,0
0.631827866,67,0,0.301196809,7519.0,7,0,0,0,3.0,0
4.158841159,29,1,0.560859785,4000.0,9,0,2,1,0.0,0
0.778447313,53,0,0.555879328,5833.0,4,0,1,0,0.0,0
0.408157007,54,0,0.393989983,9583.0,15,0,1,0,0.0,0
0.041247938,35,0,24.0,,3,0,0,0,,0
0.048124248,54,0,0.291068082,1600.0,11,0,1,0,0.0,0
0.045381495,39,0,0.284672391,8500.0,10,0,2,0,0.0,0
0.409276659,55,0,0.498561841,7300.0,11,0,2,0,0.0,0
0.33825871,48,0,0.358658874,3250.0,8,0,0,0,0.0,0
0.189165635,49,0,0.599488946,9000.0,9,0,2,0,4.0,0
0.052922059,67,0,0.208372531,2125.0,10,0,0,0,0.0,0
0.003289163,51,0,0.160047188,17800.0,11,0,3,0,0.0,0
0.097090716,52,0,0.392105607,7650.0,8,0,2,0,1.0,0
0.98076077,34,0,0.392463471,3900.0,6,0,0,0,1.0,0
0.016234653,78,0,0.410015649,1916.0,13,0,1,0,0.0,0
0.34708449,28,0,0.39017341,1037.0,4,0,0,0,0.0,0
0.426924265,64,0,0.247368421,2279.0,14,0,0,0,1.0,0
0.125352604,60,1,0.518627657,4750.0,13,0,2,0,0.0,1
0.702262675,52,1,0.370714985,4083.0,9,0,1,0,0.0,0
0.076703026,41,0,0.388436652,4790.0,14,0,2,0,0.0,0
0.97580242,52,0,0.303792251,2425.0,6,0,0,0,0.0,0
0.228197507,49,0,0.470505899,5000.0,10,0,2,0,2.0,0
0.425247549,50,0,0.119975515,4900.0,5,0,0,0,1.0,0
0.09739543,29,0,0.427075067,6300.0,11,0,2,0,0.0,0
0.059701493,61,0,0.197107659,5600.0,7,0,0,0,0.0,0
0.047902925,75,0,728.0,,5,0,1,0,0.0,0
0.755628818,40,1,0.221565098,11666.0,11,0,1,1,2.0,0
0.685540627,32,2,0.163854518,2666.0,5,0,0,1,2.0,0
0.162742567,62,0,0.068188413,10338.0,5,0,0,0,0.0,0
0.27712455,48,1,0.155020157,10417.0,10,0,1,0,1.0,0
0.640058527,39,0,0.055984556,9841.0,9,0,0,0,2.0,1
0.040021333,73,0,587.0,,4,0,0,0,0.0,0
0.047081949,42,0,0.25111177,16864.0,11,0,2,0,4.0,0
0.033753031,51,0,0.452008586,3260.0,7,0,1,0,2.0,0
0.0,45,0,0.313207547,3444.0,9,0,2,0,2.0,0
0.022762559,51,0,0.177101715,14166.0,8,0,2,0,1.0,0
0.9999999,47,1,0.350373483,4283.0,1,0,1,0,2.0,0
0.047049216,52,0,0.043826999,19074.0,9,0,0,0,2.0,0
0.037700693,50,0,0.248175182,10000.0,7,0,1,0,2.0,0
0.0,36,0,0.953441874,3500.0,6,0,2,0,0.0,0
0.9999999,47,0,0.384359401,1201.0,3,0,0,0,0.0,0
0.431725481,71,0,0.379892368,4087.0,5,0,0,0,0.0,0
0.916053575,33,3,2113.0,,5,0,1,0,2.0,0
0.845719252,50,0,0.323338331,2000.0,6,0,0,0,1.0,0
0.002409856,72,0,0.458392649,7726.0,7,0,2,0,0.0,0
0.000553562,59,0,3244.0,0.0,9,0,1,0,0.0,0
0.9999999,34,98,0.0,3144.0,0,98,0,98,2.0,1
0.203162247,52,0,0.112755253,6757.0,8,0,0,0,0.0,0
0.247025099,38,0,0.225137082,9300.0,3,0,2,0,4.0,0
0.9999999,28,0,0.0,2607.0,2,0,0,0,0.0,0
0.034642268,54,0,0.33873603,15300.0,10,0,1,0,2.0,0
0.075686053,66,0,0.108600721,15800.0,28,0,1,0,1.0,0
0.534962816,60,1,0.841860465,4084.0,13,0,2,0,0.0,0
0.9999999,51,0,0.095268542,6255.0,1,3,0,0,2.0,1
0.11336083,43,0,0.224516409,4600.0,2,0,1,0,2.0,0
0.157894737,39,0,0.115776845,5000.0,5,0,0,0,3.0,0
0.013218087,35,0,0.00169983,10000.0,6,0,0,0,0.0,0
0.031226501,36,0,0.415544594,7500.0,10,0,1,0,0.0,0
0.158168366,78,0,0.041597338,600.0,5,0,0,0,0.0,0
0.047372749,51,0,1151.0,,5,0,1,0,1.0,0
0.002407863,78,0,0.26203466,6231.0,17,0,2,0,1.0,0
0.697170347,45,0,0.355449699,8816.0,8,0,2,0,0.0,0
0.976723366,50,0,0.246541904,3686.0,4,3,0,0,1.0,0
0.066380957,54,1,2.084975909,2282.0,16,0,1,0,2.0,0
0.034707053,55,0,0.190254174,6648.0,6,0,1,0,1.0,0
0.9999999,49,0,200.0,,0,0,0,0,0.0,1
0.283578208,67,0,0.138417058,8300.0,10,0,1,0,0.0,0
1.245847176,24,1,499.0,,4,1,0,0,,0
0.776100382,45,2,1876.0,,10,0,1,2,2.0,1
0.250423012,75,0,0.638120626,3000.0,10,0,1,0,0.0,0
0.038473009,78,0,65.0,,5,0,0,0,0.0,0
0.020089799,39,0,0.50584883,6667.0,11,0,2,0,0.0,0
0.733173137,59,0,0.365605732,6000.0,12,0,0,0,1.0,0
0.090802041,66,0,331.0,,12,0,0,0,0.0,0
0.277631177,45,2,0.292174684,4510.0,7,0,1,1,2.0,0
0.0,41,0,0.310335782,7623.0,7,0,2,0,2.0,0
0.047632133,85,0,0.007665389,6000.0,4,0,0,0,0.0,0
0.0,27,0,0.637326015,5100.0,12,0,4,0,1.0,1
0.090527229,66,0,0.167418643,10416.0,6,0,1,0,0.0,0
0.139827433,75,0,0.194361128,1666.0,5,0,0,0,0.0,0
0.446057139,63,0,0.264219669,7137.0,11,0,0,0,0.0,0
0.9999999,66,1,0.358101135,1937.0,4,1,0,0,0.0,0
0.012887815,63,0,121.0,,8,0,0,0,0.0,0
0.082929255,57,0,0.224118392,15000.0,13,0,2,0,2.0,0
0.976047904,46,1,0.049006296,8100.0,2,1,0,0,2.0,1
0.259561703,65,0,0.376507196,2570.0,15,0,0,0,0.0,0
0.4285989,40,0,0.667416573,2666.0,9,0,1,0,0.0,0
0.032490088,62,0,177.0,,4,0,0,0,0.0,0
0.067260319,58,0,0.0109978,5000.0,3,0,0,0,0.0,0
0.443547022,41,0,1779.0,,6,0,1,0,0.0,0
0.272192828,23,0,0.012987013,1000.0,2,0,0,0,0.0,0
0.355149532,57,0,0.044301401,2640.0,1,0,0,0,0.0,0
0.055828164,59,1,0.412335808,1750.0,9,0,1,0,0.0,0
0.745254745,31,0,0.508140531,2333.0,3,0,1,0,0.0,0
0.348666283,54,0,0.238993711,8585.0,7,0,2,0,1.0,0
0.369418721,41,0,0.247053541,8908.0,11,0,2,0,1.0,0
0.025334172,47,0,672.0,,10,0,1,0,,0
0.000470212,76,0,0.272986351,6666.0,10,0,1,0,1.0,0
0.061481748,56,0,0.197985986,28400.0,7,0,2,0,2.0,0
0.0,55,0,27.0,0.0,14,0,0,0,2.0,0
0.000602003,69,0,3.312134218,2562.0,28,0,1,0,0.0,0
0.391987297,55,1,0.355989635,5016.0,8,0,0,1,1.0,0
0.0,38,0,0.705623306,2951.0,6,0,1,0,0.0,0
0.014099295,48,0,0.523266679,5350.0,4,0,1,0,3.0,0
0.110760828,69,0,0.294803818,6600.0,13,0,1,0,2.0,0
0.016029075,65,0,0.348258706,2411.0,11,0,0,0,0.0,0
0.0,60,0,3530.0,,4,0,2,0,2.0,0
0.442970822,41,0,0.168699792,3360.0,10,1,0,0,0.0,0
0.71127406,59,2,0.509535271,5400.0,4,0,1,0,1.0,1
0.001724103,74,0,1192.0,,19,0,1,0,0.0,0
0.007499886,76,0,0.003998934,3750.0,17,0,0,0,0.0,0
0.266150377,60,0,0.041954818,4337.0,3,0,0,0,0.0,0
0.063819386,63,0,0.212329321,24753.0,8,0,3,0,1.0,0
0.873376373,45,0,6564.0,,9,0,2,0,0.0,0
0.642159746,30,0,0.508618404,3770.0,8,0,1,0,0.0,1
0.9999999,55,1,0.30097456,7900.0,2,0,1,1,2.0,1
0.965314521,50,3,2995.0,0.0,13,0,1,0,0.0,0
0.666002322,73,1,0.341584505,14300.0,14,0,2,0,2.0,0
0.04744479,69,0,0.053053525,4240.0,5,0,0,0,2.0,0
0.000128197,52,0,0.302374011,2400.0,6,0,1,0,1.0,0
0.9999999,23,0,0.302149178,790.0,2,0,0,0,0.0,0
0.9999999,46,0,117.0,,2,0,0,0,0.0,1
0.188983461,30,0,0.02027027,3995.0,5,0,0,0,0.0,0
0.054297285,67,0,1975.0,,5,0,1,0,0.0,0
0.128052322,46,0,0.359725613,8600.0,5,0,1,0,2.0,0
0.871285721,53,0,0.600255292,9400.0,14,0,3,0,1.0,0
0.003554418,72,0,0.438219204,5300.0,9,0,1,0,0.0,0
0.9999999,29,0,707.0,,5,0,0,0,0.0,1
0.088312555,34,0,0.419203747,5123.0,14,0,1,0,1.0,0
0.140296443,60,0,0.58242927,4700.0,11,0,2,0,0.0,0
0.105782837,79,0,820.0,,6,0,0,0,1.0,0
0.123717891,48,0,0.068272229,9300.0,6,0,0,0,0.0,0
0.874022007,33,0,0.269940013,4500.0,6,0,0,0,3.0,1
0.158750797,46,0,0.1499388,6535.0,16,0,0,0,1.0,0
0.003321619,77,0,0.08747813,4000.0,14,0,0,0,0.0,0
0.011031902,53,0,0.215906105,11416.0,11,0,1,0,0.0,0
1.069413774,35,0,0.192228806,8775.0,4,0,0,0,1.0,0
0.004157557,42,0,0.000433714,6916.0,5,0,0,0,0.0,0
0.805158798,67,0,2725.0,,6,0,0,0,0.0,0
0.161134533,61,0,0.234140996,8212.0,8,0,2,0,0.0,0
0.0,46,0,0.429503916,9191.0,4,0,2,0,3.0,0
0.460194637,44,0,0.407014682,4903.0,7,0,1,0,0.0,0
0.236661226,53,0,0.7828412,4300.0,8,0,2,0,0.0,0
0.565974846,61,0,0.682341416,8165.0,10,1,3,0,1.0,1
0.035798568,46,0,0.657546337,4531.0,4,0,1,0,3.0,0
0.016715277,84,0,0.119927317,1650.0,6,0,0,0,0.0,0
0.0,37,0,0.000249984,16000.0,7,0,0,0,0.0,0
0.442424781,57,0,0.156241155,3532.0,7,0,0,0,0.0,1
0.503115287,55,0,0.335787656,11000.0,14,0,1,0,3.0,0
0.896123151,35,1,0.444711058,5000.0,10,0,1,0,4.0,1
0.944738296,59,1,0.845607575,3801.0,9,0,2,0,0.0,0
0.9999999,63,0,965.0,,2,0,1,0,0.0,0
0.9999999,41,0,0.121334409,3716.0,1,0,0,0,1.0,0
0.0,67,0,0.0,,7,0,0,0,0.0,0
0.116602793,40,0,0.424876847,2435.0,7,0,0,0,2.0,1
0.9999999,26,98,0.0,2305.0,0,98,0,98,0.0,0
0.318483318,48,0,3181.0,,8,0,2,0,0.0,0
0.915246167,50,2,0.460296097,5200.0,8,4,1,2,1.0,1
0.125315353,62,0,0.030904408,6600.0,8,1,0,0,1.0,0
0.977004599,56,1,362.0,,3,0,0,0,0.0,0
0.997459597,37,0,1.162735849,1695.0,12,0,2,0,0.0,0
0.106813038,43,0,0.477087152,6000.0,18,0,1,0,0.0,0
0.9999999,47,0,0.0,,4,0,0,0,0.0,0
771.0,52,0,0.832020997,8000.0,13,0,3,0,0.0,0
0.9999999,49,0,1.218227425,7175.0,10,0,2,0,0.0,0
0.254789492,47,0,0.453880765,5333.0,13,0,1,0,2.0,0
0.649724178,62,0,7656.0,,21,0,2,0,0.0,0
0.053471242,47,0,0.416416689,7333.0,4,0,1,0,1.0,0
0.99446487,38,1,2.164322724,1350.0,12,0,2,0,2.0,0
0.282902031,54,0,0.327229614,7590.0,7,0,2,0,1.0,0
0.294984475,31,0,0.582781457,4831.0,7,0,2,0,1.0,0
0.590729717,31,0,0.741788061,3500.0,13,0,1,0,1.0,0
0.197821411,57,0,18230.0,,19,0,8,0,0.0,0
0.0471254,56,0,0.329633528,10450.0,18,0,2,0,0.0,0
0.9999999,24,0,0.02530541,3437.0,1,0,0,0,1.0,0
0.9999999,35,0,2.044636909,1500.0,3,0,1,0,1.0,1
0.071392028,42,0,0.179382062,10000.0,3,0,1,0,3.0,0
4.387801743,45,0,0.43337931,14499.0,9,0,1,0,2.0,0
0.9999999,55,1,0.204790823,2963.0,1,2,0,1,1.0,0
0.34398435,46,0,94.0,,3,0,0,0,0.0,0
0.076711186,84,0,0.109873157,5833.0,10,0,0,0,0.0,0
0.209462919,34,0,0.379436655,7916.0,14,0,2,0,2.0,0
0.870163875,37,1,0.499652329,30200.0,15,0,6,0,1.0,1
0.9999999,30,0,0.000555401,3600.0,1,0,0,0,2.0,0
0.642383723,52,0,0.42289606,6166.0,10,0,1,0,2.0,0
0.345169383,59,1,0.740315315,4439.0,23,0,1,0,1.0,0
0.184450353,45,0,0.392331933,9519.0,10,1,3,0,0.0,0
0.00090905,90,0,118.0,,1,0,0,0,,0
0.555725834,34,1,0.50259896,2500.0,10,0,1,0,0.0,0
0.9999999,64,0,0.601258793,2700.0,3,0,2,0,0.0,0
0.520940916,57,1,0.823404556,7066.0,16,0,2,0,1.0,0
0.324621569,44,1,1.000898992,15572.0,30,0,13,0,3.0,1
0.029599408,67,0,0.202212531,9400.0,7,0,2,0,1.0,0
0.606197172,46,0,0.60147684,4468.0,7,0,1,0,2.0,0
0.702059588,58,0,0.034988337,3000.0,2,0,0,0,1.0,0
0.041341017,48,0,0.109682948,3500.0,8,0,0,0,0.0,0
0.254453031,54,1,0.154181818,2749.0,9,0,0,0,1.0,0
0.002768869,85,0,0.011494253,2000.0,6,0,0,0,1.0,0
0.184040975,42,0,589.0,,10,0,0,0,0.0,0
0.11368376,52,0,0.263086846,6666.0,10,0,1,0,0.0,0
0.117613113,54,0,8269.0,,24,0,11,0,0.0,0
0.007220849,32,0,1.029180328,3049.0,14,0,2,0,0.0,0
0.9999999,43,0,0.149419076,3700.0,2,0,0,0,0.0,0
0.047285617,65,0,314.0,,8,0,0,0,,0
0.55822144,33,2,0.454279444,4100.0,7,0,1,1,1.0,0
0.0,45,0,0.08283742,4200.0,9,0,0,0,0.0,0
0.197726593,83,0,0.041628959,3314.0,4,0,0,0,0.0,0
0.044924638,32,1,0.339932014,5000.0,7,0,1,0,0.0,0
0.103635672,43,0,0.215362641,6300.0,8,0,0,0,2.0,0
0.000149993,60,0,0.017207223,17666.0,4,0,0,0,1.0,0
0.0,55,0,0.119410086,2101.0,5,0,0,0,0.0,0
0.0,67,0,0.415429955,9500.0,11,0,2,0,1.0,0
0.0,73,0,0.221837088,7500.0,3,0,1,0,0.0,0
0.956008798,46,0,0.355166573,1770.0,5,1,0,0,0.0,0
0.0,32,0,0.0,,7,0,0,0,0.0,0
0.006685443,85,0,0.102138804,2290.0,3,0,0,0,0.0,0
0.133385309,30,0,0.366782007,2311.0,4,0,0,0,0.0,0
0.013380164,63,0,0.221930345,11800.0,11,0,1,0,0.0,0
0.326951252,52,0,0.640832595,4515.0,11,0,2,0,1.0,0
0.091810685,54,0,0.329445092,6000.0,12,0,1,0,0.0,0
0.056483498,40,1,0.507411908,4114.0,20,0,1,0,2.0,1
0.337541426,65,0,0.216756043,12866.0,12,0,1,0,0.0,0
0.023586848,37,0,0.361957429,9583.0,8,0,3,0,2.0,0
0.123652386,63,0,0.491701886,9700.0,9,0,4,0,1.0,0
0.9999999,29,0,0.52567015,2200.0,4,0,1,0,1.0,0
0.685364281,34,1,0.186146028,3738.0,5,0,0,0,2.0,0
1.099800399,26,0,0.188801639,2928.0,7,0,0,0,0.0,0
0.0029997,53,0,0.00922722,2600.0,2,0,0,0,0.0,0
0.782645539,26,2,1.156687898,784.0,13,0,0,0,0.0,0
0.941718449,66,0,1.033251232,2435.0,8,0,1,0,0.0,0
0.019273092,48,0,0.203053283,10021.0,9,0,2,0,3.0,0
0.0,56,0,880.0,,2,0,1,0,0.0,0
0.108920018,63,0,0.262440843,6972.0,7,0,2,0,0.0,0
0.036308096,65,0,0.74989899,2474.0,8,0,1,0,0.0,0
0.118680082,44,0,0.009030801,6200.0,6,0,0,0,4.0,0
0.831622765,46,0,0.577320955,7539.0,8,0,2,0,3.0,0
0.997500625,39,0,0.284959292,7000.0,3,0,1,0,3.0,0
0.154615128,40,0,0.077141383,3875.0,1,0,0,0,0.0,0
0.9999999,25,0,0.290788013,900.0,3,0,0,0,0.0,0
0.004926589,66,0,0.296657382,9333.0,9,0,2,0,0.0,0
0.553616903,45,0,0.646063922,8040.0,9,0,1,0,3.0,0
0.225568877,49,0,4112.0,,10,0,2,0,1.0,0
0.172866706,53,1,0.21986031,9878.0,9,1,2,0,4.0,0
0.528056613,61,0,411.0,,3,0,0,0,0.0,0
0.327522262,64,0,0.661977658,9667.0,18,0,1,0,3.0,0
0.773725242,35,1,0.6640625,5631.0,16,0,2,0,2.0,0
0.115766696,45,0,0.346649107,6833.0,5,0,1,0,0.0,0
0.172862128,50,2,0.373571783,8051.0,10,0,1,0,2.0,0
0.059988002,82,0,0.003598561,2500.0,2,0,0,0,0.0,0
0.014452856,88,0,19.0,,5,0,0,0,0.0,0
0.092119065,42,1,1405.0,,8,0,2,0,0.0,0
0.023316968,74,0,0.134024435,2700.0,12,0,0,0,0.0,0
0.002722371,57,0,0.426766226,3481.0,11,0,1,0,2.0,0
0.006259027,65,0,0.648654659,4496.0,8,0,2,0,0.0,0
0.289893874,41,0,0.468839885,7300.0,6,0,1,0,3.0,1
0.0,79,0,0.000158781,6297.0,8,0,0,0,0.0,0
0.099559187,40,0,0.35895465,1300.0,6,0,1,0,0.0,0
0.363545461,57,1,0.14848144,5333.0,5,0,1,0,0.0,0
0.9999999,35,1,0.364468864,2183.0,7,0,0,0,1.0,0
0.414501565,41,2,0.242206799,8500.0,10,0,1,0,2.0,0
0.009704759,55,0,0.434857935,5771.0,9,0,1,0,0.0,0
0.0,86,1,0.045349731,1300.0,3,0,0,0,0.0,0
0.001426262,62,1,0.503684211,1899.0,10,0,0,0,0.0,0
0.020299994,62,0,0.200059988,3333.0,4,1,0,0,0.0,0
0.9999999,30,1,202.0,,1,0,0,0,0.0,0
0.660459621,58,0,2517.0,,14,0,2,0,1.0,0
0.078933183,74,0,0.524047355,5405.0,18,0,1,0,0.0,0
0.955938877,42,0,0.295037266,5500.0,8,0,0,0,0.0,1
0.0,74,0,66.0,,8,0,0,0,0.0,0
0.171398665,62,0,0.552489502,5000.0,14,0,2,0,0.0,0
0.082333947,54,0,3506.0,,6,0,2,0,2.0,0
0.059102072,71,0,0.082065567,14000.0,9,0,0,0,0.0,0
0.319912006,62,0,0.143044276,3816.0,13,0,0,0,0.0,0
0.002707345,57,1,3949.0,,13,0,5,0,,0
0.03349665,34,0,0.341648374,5010.0,6,0,1,0,1.0,1
0.85737141,50,0,0.55734895,7000.0,9,0,2,0,0.0,0
0.142831996,58,1,0.488478385,5250.0,29,0,1,0,2.0,0
0.832284339,69,1,0.695190506,1600.0,5,0,1,0,0.0,0
0.012746159,71,0,0.329149233,2150.0,10,0,1,0,0.0,0
0.750949937,38,0,0.135135135,5364.0,2,0,0,0,3.0,0
0.9999999,60,0,0.0,4500.0,0,0,0,0,1.0,0
0.371144652,39,0,0.444759207,6000.0,14,0,2,0,1.0,0
0.161402952,39,1,0.227506079,3700.0,6,0,0,0,3.0,0
0.427973491,31,0,196.0,,5,0,0,0,0.0,0
1.003322259,34,0,0.093057607,2030.0,4,1,0,0,1.0,1
0.9999999,35,0,0.215736041,1575.0,2,2,0,0,2.0,1
0.68677802,36,0,0.437214032,5900.0,11,0,0,0,1.0,0
0.153267906,51,0,7575.0,,13,0,7,0,0.0,0
0.048664605,54,0,0.549017548,9516.0,15,0,3,0,0.0,0
0.116444331,77,0,991.0,,9,0,0,0,0.0,0
0.860605576,57,1,6.14071607,1200.0,15,0,4,0,0.0,0
0.90454453,47,0,0.072202359,18738.0,6,0,0,0,0.0,0
0.551285538,52,0,0.1972007,4000.0,4,0,0,0,2.0,0
0.040837961,48,0,0.507164279,3000.0,8,0,1,0,2.0,0
0.951364689,57,0,3803.0,,10,0,1,0,0.0,0
0.963003083,54,0,0.432373473,4583.0,10,0,1,0,0.0,0
0.004927921,45,0,0.122405696,6600.0,6,0,0,0,3.0,0
0.06272786,72,1,0.480120902,4300.0,9,0,2,0,0.0,0
0.827300931,37,0,0.109156337,2500.0,2,0,0,0,4.0,0
0.000613193,44,0,0.075910341,12000.0,4,0,0,0,1.0,0
0.084616587,71,0,0.057576969,2500.0,5,0,0,0,0.0,0
0.0,55,0,0.369192131,7166.0,7,0,3,0,1.0,0
0.206951598,75,0,0.393053473,4001.0,11,0,2,0,0.0,0
0.001666556,39,0,0.126709863,4166.0,3,0,0,0,1.0,0
0.002474099,73,0,587.0,,11,0,0,0,0.0,0
1.359550562,55,3,0.300779459,2180.0,7,0,1,0,2.0,1
0.041123947,47,1,0.402985075,6297.0,17,0,1,0,0.0,0
0.381802963,73,0,0.167180894,8750.0,10,0,0,0,3.0,0
0.822242998,68,2,3929.0,,14,0,2,0,0.0,0
0.003999385,56,0,0.317626527,4583.0,4,0,1,0,0.0,0
0.9999999,28,0,0.0,,0,3,0,0,0.0,0
0.9999999,43,0,0.57808418,6889.0,5,0,3,0,1.0,0
0.952213618,55,4,0.365557316,13250.0,12,0,2,1,1.0,0
0.843361822,48,0,0.425087984,11933.0,6,0,1,0,0.0,0
0.151479835,71,0,0.105298234,3000.0,7,0,0,0,0.0,0
0.0094392,42,0,0.592676872,4833.0,7,0,2,0,1.0,0
0.052862194,34,0,3423.0,,7,0,3,0,0.0,0
0.9999999,70,0,0.0,5100.0,0,0,0,0,0.0,0
0.022683152,65,0,0.306789235,9028.0,11,0,1,0,0.0,0
0.9999999,53,2,0.001818549,4948.0,1,3,0,0,0.0,1
0.755081639,32,0,0.475817347,3700.0,5,0,1,0,0.0,0
0.0067651,57,0,0.164845385,4300.0,12,0,0,0,0.0,0
0.150353721,55,0,0.341182767,7473.0,15,0,2,0,0.0,0
0.9999999,62,0,0.0,9356.0,0,0,0,0,0.0,0
0.380429317,54,0,1.092814784,7250.0,15,0,3,0,1.0,0
0.96946845,61,2,0.363421747,7200.0,14,0,0,1,0.0,0
0.027366756,49,1,0.308477401,4800.0,13,0,2,0,2.0,0
0.00957951,56,0,0.000567905,12325.0,3,0,0,0,0.0,0
0.011842905,63,0,0.183020609,3250.0,11,0,0,0,0.0,0
0.621400686,44,1,0.59490085,6000.0,11,0,1,0,0.0,0
0.150036955,36,1,0.443111009,4332.0,4,0,1,0,0.0,0
0.034059498,66,0,0.179394177,10200.0,26,0,2,0,1.0,0
0.019376663,68,0,1277.0,,12,0,1,0,,0
0.012461753,54,0,0.222196691,4351.0,11,0,1,0,0.0,0
0.0,74,2,1784.0,,5,0,1,0,0.0,0
0.344685607,52,0,1808.0,,4,0,2,0,0.0,0
0.005129534,64,0,0.399571505,5600.0,10,0,2,0,0.0,0
0.104060967,65,0,0.358368367,8800.0,8,0,1,0,1.0,0
0.9999999,34,0,0.00155521,4500.0,0,0,0,0,0.0,0
0.568882,43,1,0.187384045,2155.0,3,1,0,1,0.0,1
0.100578252,69,0,2209.0,,11,0,2,0,2.0,0
0.09177997,52,0,0.189902125,8377.0,9,0,1,0,4.0,0
0.0,28,0,852.0,,3,0,0,0,,0
0.019337535,60,0,0.500975419,5125.0,9,0,1,0,0.0,0
0.101643013,35,0,0.43647647,5800.0,8,0,1,0,0.0,0
0.593029737,58,0,541.0,,6,0,0,0,0.0,0
0.155067969,31,0,0.296547821,5300.0,7,0,0,0,0.0,0
0.9999999,56,1,2438.0,0.0,3,0,1,0,0.0,0
0.0,74,0,0.058099001,4302.0,3,0,0,0,0.0,0
0.340977268,41,0,0.029994119,5100.0,1,0,0,0,1.0,0
0.0602435,37,0,1038.0,,4,0,1,0,0.0,0
0.426759459,62,0,2209.0,,7,0,1,0,,0
0.049276058,76,0,1536.0,,5,0,1,0,0.0,0
0.289004965,34,0,0.218003674,4898.0,6,0,1,0,4.0,0
0.353129408,53,0,0.223938803,13333.0,8,0,1,0,2.0,0
0.055531428,63,0,0.218398611,13250.0,20,0,1,0,1.0,0
0.9999999,50,0,61.0,,0,2,0,0,0.0,0
0.067814831,45,0,5267.0,,13,0,3,0,0.0,0
0.111707902,60,0,58.0,,3,0,0,0,0.0,0
0.166580937,34,0,0.453890984,8750.0,16,0,2,0,3.0,0
0.051198293,73,0,0.497925311,2650.0,6,0,3,0,0.0,0
0.175154738,46,0,0.631796025,8000.0,17,0,2,0,2.0,0
0.007377614,49,0,0.038903394,11489.0,5,0,0,0,4.0,0
0.0,24,0,0.0,0.0,1,0,0,0,0.0,0
0.012035207,66,0,1762.0,,6,0,2,0,0.0,0
0.540972266,55,0,0.419354839,2200.0,7,0,0,0,0.0,0
0.859665382,59,1,0.324544744,8950.0,9,4,5,1,0.0,1
0.051626977,47,1,0.117868486,8500.0,15,1,0,0,0.0,0
0.008545066,48,0,3542.0,,12,0,4,0,0.0,0
0.034018496,31,0,5102.0,,11,0,2,0,0.0,0
0.001515991,37,0,0.335508314,4750.0,13,0,1,0,0.0,0
0.9999999,64,0,0.250633339,5920.0,5,0,2,0,0.0,0
0.939608496,31,0,0.262990877,2520.0,3,0,0,0,2.0,0
0.008945444,51,0,41.0,,12,0,0,0,0.0,0
0.379603399,49,0,0.399014778,3450.0,6,0,2,0,2.0,0
0.008938755,58,1,0.456169164,4870.0,10,0,2,0,0.0,0
0.054052553,58,0,0.251961237,2166.0,4,0,0,0,0.0,1
0.029727973,57,0,35.0,,6,0,0,0,,0
1.015873016,28,0,0.165846803,2845.0,2,0,0,1,0.0,0
0.01519848,35,0,0.282429393,4000.0,6,0,2,0,2.0,0
0.119886136,42,0,0.109178164,5000.0,4,0,0,0,3.0,0
0.026071747,71,0,23.0,,4,0,0,0,0.0,0
0.635298869,45,0,0.351865399,4100.0,9,0,0,0,2.0,0
0.029832115,44,0,0.254996972,1650.0,11,1,0,0,0.0,0
0.020939294,61,0,0.003858166,5442.0,4,0,0,0,0.0,0
0.244043429,60,2,0.547994269,4187.0,17,0,2,0,0.0,0
0.580927384,38,0,0.672267074,4582.0,4,0,2,0,0.0,0
0.197299365,50,0,0.557018857,3340.0,13,0,1,0,0.0,0
0.006129579,52,0,0.019739958,65450.0,12,0,1,0,0.0,0
0.119927222,75,0,0.128233777,11634.0,9,1,1,0,0.0,0
0.221174188,62,0,0.69878204,5500.0,12,0,1,0,1.0,0
0.097947717,65,0,0.187591885,3400.0,7,0,2,0,0.0,0
0.103631917,67,0,0.581604599,4000.0,15,0,2,0,0.0,0
0.003373659,81,0,4.0,,9,0,0,0,,0
0.581513568,74,2,0.634363718,8863.0,17,0,4,1,1.0,1
0.367966548,32,0,0.584622943,4070.0,8,0,2,0,1.0,0
0.004466369,62,0,0.216636939,12333.0,11,0,2,0,1.0,0
0.047196107,53,0,0.525819998,8810.0,13,0,1,0,3.0,0
0.737142316,39,0,0.312968703,10000.0,11,0,1,0,1.0,0
0.006086219,44,0,0.079392061,10000.0,8,0,1,0,3.0,0
0.9999999,79,0,0.211805556,5183.0,7,0,1,0,0.0,0
0.35319492,60,0,0.223288815,9583.0,14,0,1,0,0.0,0
0.044604709,63,0,0.115526999,23500.0,5,0,1,0,1.0,0
0.070300857,41,0,0.351464854,10000.0,7,0,1,0,1.0,0
0.060036401,45,0,0.497789939,4750.0,6,0,1,0,2.0,0
0.047244824,68,0,0.014638829,8333.0,6,0,0,0,0.0,0
0.0,66,1,0.355607399,6000.0,7,0,1,0,0.0,0
0.043082615,66,0,0.377952756,8000.0,12,0,2,0,0.0,0
0.053472085,66,0,1855.0,,9,0,1,0,1.0,0
0.740648379,41,2,0.004640371,3447.0,1,1,0,0,1.0,0
0.034570331,62,0,0.274610165,8400.0,13,0,1,0,3.0,0
0.918228243,33,0,0.321653867,14583.0,5,0,2,0,0.0,0
0.982493339,56,1,0.692901014,7000.0,16,0,3,1,0.0,0
0.116865013,41,0,0.299057627,11990.0,8,0,2,0,3.0,0
0.005255048,56,0,0.263122813,6000.0,14,0,1,0,0.0,0
0.253334364,42,0,0.251615285,10833.0,9,0,2,0,4.0,0
0.017954979,58,0,0.218504199,7500.0,13,0,2,0,1.0,0
0.526116946,79,2,0.929356881,3000.0,9,1,2,3,1.0,0
0.496746164,53,0,0.524381625,4244.0,27,0,1,0,4.0,0
0.784187048,73,0,0.489528242,4726.0,7,0,0,0,0.0,0
0.095703092,73,0,0.329287881,5602.0,9,0,2,0,1.0,0
0.9999999,42,1,0.145713187,2600.0,1,2,0,0,4.0,1
0.013160541,60,1,0.259820639,7916.0,6,0,2,0,0.0,0
0.665666705,55,0,0.886119467,2326.0,5,0,1,0,0.0,0
0.015194774,63,0,1919.0,0.0,15,0,1,0,0.0,0
0.069025187,31,0,0.436284312,5500.0,9,1,2,0,1.0,0
0.104229859,55,0,0.279194208,9530.0,6,0,2,0,0.0,0
0.112507857,49,0,0.782496349,8900.0,9,0,3,0,0.0,0
0.218347707,50,0,0.368252699,2500.0,11,0,1,0,1.0,0
0.9999999,62,0,0.100066269,3017.0,2,1,0,0,1.0,1
0.797979798,61,0,0.363686841,7203.0,11,0,2,0,0.0,0
0.0,46,0,3738.0,,6,0,1,0,0.0,0
0.005975161,68,0,3225.0,,11,0,2,0,0.0,0
0.0,79,0,0.734151329,4400.0,6,0,1,0,0.0,0
0.169991238,41,0,0.105378924,5000.0,9,0,0,0,1.0,0
0.301843049,52,0,0.432597505,11460.0,11,0,2,0,2.0,0
0.028948553,61,0,1224.0,,6,0,1,0,0.0,0
0.523940141,53,0,1.088782244,3333.0,9,0,1,0,2.0,0
0.007897978,45,0,0.207583393,8333.0,6,0,1,0,0.0,0
0.013491174,70,0,0.064945878,1200.0,9,0,0,0,0.0,0
0.97270273,47,0,1.142548596,4166.0,19,0,5,0,0.0,0
0.936553172,65,3,0.441912232,9433.0,6,0,2,0,0.0,0
0.0,55,0,924.0,,3,0,1,0,0.0,0
0.348781778,53,0,0.251004554,7465.0,9,0,1,0,0.0,0
0.434292932,40,0,5493.0,,10,0,2,0,3.0,0
0.96950305,66,0,0.754520167,2875.0,5,0,1,0,0.0,0
0.001454545,52,0,0.117754358,4933.0,10,0,1,0,1.0,0
0.433947158,52,0,0.332696188,9416.0,11,0,2,0,1.0,0
0.270971635,55,0,0.73365165,4816.0,25,0,2,0,0.0,0
0.21475141,56,0,0.295568144,3000.0,12,0,1,0,1.0,0
0.197274682,49,0,1.356699525,5477.0,5,0,2,0,0.0,0
0.141108896,81,0,0.161354831,8000.0,13,0,0,0,0.0,0
0.189509017,67,0,0.042770388,96000.0,24,0,1,0,0.0,0
0.0,61,0,2.701622971,800.0,4,0,1,0,0.0,0
0.027377169,80,0,0.1802172,3406.0,10,0,1,0,0.0,0
0.187886868,36,0,0.382411067,7083.0,6,0,1,0,4.0,0
0.811377536,35,1,0.41744954,10750.0,13,0,2,0,0.0,0
0.32634982,59,0,0.314109166,3883.0,8,0,0,0,0.0,0
0.034704808,57,0,0.122903115,2920.0,9,0,1,0,0.0,0
0.123816719,28,0,0.373682788,3700.0,10,0,1,0,2.0,0
0.031828305,62,0,0.376435045,3309.0,11,0,1,0,0.0,0
0.9999999,68,0,0.0,,2,0,0,0,0.0,0
0.224355129,39,0,0.258498867,7500.0,8,0,1,0,0.0,0
0.199058001,68,0,0.024351221,31250.0,7,0,0,0,0.0,0
0.09964974,62,0,0.237569823,14500.0,10,0,1,0,2.0,0
0.0,61,0,4229.0,,6,0,2,0,0.0,0
0.917908209,58,1,0.224159147,4875.0,8,0,0,0,1.0,0
0.065144929,70,0,0.023992003,3000.0,4,0,0,0,2.0,0
0.0,81,0,0.0,,2,0,0,0,,0
0.85680716,58,0,0.279249164,11666.0,4,0,1,0,0.0,0
0.204810829,30,0,0.055540128,3600.0,6,0,0,0,0.0,0
0.04271276,78,0,0.110697444,4028.0,4,0,0,0,0.0,0
0.089011457,47,0,0.077644118,6400.0,3,0,0,0,2.0,0
0.123022487,36,0,0.598740071,3650.0,7,0,2,0,1.0,0
0.067165567,62,0,0.160070457,18166.0,11,0,3,0,0.0,0
0.028359208,69,0,0.362163346,4566.0,17,0,1,0,0.0,0
0.286054919,40,1,0.482839054,3000.0,12,0,1,0,2.0,1
0.054977889,69,0,0.214955499,12583.0,12,0,2,0,1.0,0
0.132241417,55,0,0.527788884,2500.0,20,0,0,0,0.0,0
0.33476111,54,1,0.247987536,3850.0,7,0,2,0,0.0,0
0.202143894,56,0,0.223178995,7083.0,9,0,1,0,1.0,0
0.051615923,52,0,72.0,,4,0,0,0,0.0,0
1.040375615,60,0,0.513617021,11749.0,10,0,1,0,1.0,0
0.039550136,59,0,0.290812368,9022.0,7,0,1,0,0.0,0
0.375199877,50,1,0.473135107,5750.0,16,0,1,0,1.0,0
0.489297366,73,0,0.511741455,4300.0,11,0,1,0,0.0,0
0.971953716,34,0,2890.0,,7,0,2,0,0.0,0
0.29326114,43,0,0.496038035,4416.0,14,0,2,0,1.0,1
0.9999999,49,0,10.0,,0,0,0,0,0.0,0
0.204718113,47,1,0.294573643,3998.0,5,0,1,0,1.0,0
0.295915453,36,0,0.348061317,4435.0,5,0,1,0,0.0,0
0.002028356,63,0,1.167916042,2000.0,12,0,1,0,0.0,0
0.16134876,62,0,0.068154257,8245.0,4,0,0,0,0.0,0
0.9999999,28,0,0.118822876,1800.0,3,0,0,0,0.0,0
0.043565214,78,0,0.030636292,1272.0,3,0,0,0,0.0,0
0.040254725,29,0,0.168369519,4697.0,11,0,0,0,0.0,0
0.09116002,62,0,112.0,,4,0,0,0,,0
0.039609476,50,0,1132.0,,13,0,0,0,0.0,0
0.830761517,60,1,1014.0,,6,1,0,2,0.0,0
0.006344936,63,0,0.002166306,6000.0,8,0,0,0,0.0,0
0.762168627,39,1,0.950178845,3913.0,8,0,2,0,2.0,0
0.015958546,72,0,3.234608985,600.0,13,0,1,0,0.0,0
0.101438809,41,1,0.067866517,8000.0,7,0,0,0,1.0,0
0.0,49,3,0.289413307,3050.0,5,0,0,0,1.0,1
0.066802402,39,0,1482.5,1.0,6,0,1,0,2.0,0
0.134127256,40,0,0.29468896,8133.0,10,0,1,0,3.0,0
0.077478507,43,0,3337.0,,3,0,1,0,0.0,0
0.056938428,46,0,1.405864712,3000.0,6,0,1,0,0.0,0
0.003395763,75,0,4.0,,2,0,0,0,0.0,0
0.000344788,24,0,0.12406577,1337.0,5,0,0,0,0.0,0
0.162864544,46,1,0.16150601,12562.0,10,0,1,0,2.0,0
0.057272068,58,0,0.496936472,3100.0,13,0,1,0,1.0,0
0.9999999,28,1,0.154738105,2500.0,2,1,0,1,0.0,0
0.9999999,30,0,0.162503673,3402.0,1,0,0,2,4.0,1
0.0,47,0,0.021962906,66156.0,10,0,1,0,4.0,0
0.011566878,69,0,0.058857078,8766.0,11,0,2,0,0.0,0
0.9999999,81,0,32.0,,2,0,0,0,0.0,0
0.188116791,54,0,0.460296772,9973.0,30,0,2,0,0.0,0
0.391214634,39,1,0.287181335,11100.0,8,0,2,0,2.0,0
0.061384478,51,0,3347.0,,9,0,2,0,0.0,0
0.958260594,46,0,651.0,,4,0,0,0,0.0,1
0.9999999,34,1,0.749765698,3200.0,7,0,2,0,2.0,1
0.202742031,45,0,2544.0,,17,0,2,0,0.0,0
0.500893912,63,0,0.209020317,9400.0,6,0,3,0,2.0,0
0.0,39,0,0.735131912,6708.0,13,0,2,0,2.0,0
1.006993007,25,0,0.019986676,1500.0,1,0,0,0,1.0,0
0.923025658,28,0,0.252044835,3300.0,7,0,0,0,0.0,0
0.922403916,28,1,788.0,0.0,14,0,0,0,0.0,0
0.002044616,60,0,0.580549538,8770.0,26,0,2,0,1.0,0
0.006906979,51,0,0.562962963,5129.0,16,0,1,0,0.0,0
0.017992803,42,0,0.197600436,5500.0,7,0,0,0,1.0,0
0.007884514,86,0,18.0,,8,0,0,0,0.0,0
0.0,67,0,0.158536585,13775.0,5,0,1,0,1.0,0
0.81327469,27,1,0.209953344,4500.0,8,0,0,0,0.0,0
0.032283869,41,0,953.0,0.0,3,0,1,0,6.0,0
0.441158574,33,0,0.147408899,5460.0,8,0,0,0,0.0,0
0.088231475,57,0,2012.0,,13,0,1,0,,0
0.0,24,0,0.24750119,2100.0,6,0,0,0,0.0,0
0.067121117,42,0,0.242107212,10800.0,9,0,1,0,2.0,0
0.0048597,64,0,2.765293383,800.0,11,0,2,0,0.0,0
0.005902151,45,0,0.107315447,6000.0,4,0,0,0,2.0,0
0.348940159,40,0,0.677768526,1200.0,5,0,1,0,2.0,0
0.051126704,77,0,0.12596401,3500.0,5,0,0,0,0.0,0
0.004036709,76,0,0.041654763,17500.0,42,0,0,0,1.0,0
0.645470906,54,0,0.047976012,2000.0,1,0,0,0,0.0,0
0.662225183,57,0,520.0,,9,0,0,0,0.0,0
0.028083912,50,0,0.380976732,3910.0,20,0,0,0,3.0,0
0.024147884,72,0,0.013139103,3500.0,6,0,0,0,0.0,0
0.003925829,74,0,4.0,,5,0,0,0,0.0,0
0.492311818,23,0,0.160335866,2500.0,7,0,0,0,0.0,0
0.152693369,62,1,0.336796707,5100.0,11,0,1,0,2.0,0
0.0,62,0,1.017585931,1250.0,7,0,3,0,0.0,0
0.98640136,51,0,0.591626974,3988.0,6,0,1,0,0.0,0
0.521173526,39,1,0.345356701,13750.0,13,0,2,0,3.0,0
0.0,43,0,2.65138154,1700.0,8,0,1,0,3.0,0
0.321779968,40,0,1410.0,0.0,7,0,1,0,1.0,0
0.81976524,41,0,0.39187178,8734.0,10,0,2,0,5.0,0
0.055681991,40,0,0.261772674,7750.0,10,0,2,0,3.0,0
0.892419154,53,0,0.565477237,5688.0,9,0,1,0,2.0,0
0.047027483,62,0,1558.0,,10,0,1,0,0.0,0
0.004874508,44,0,0.116916125,24786.0,9,0,1,0,0.0,0
0.0,67,0,0.229810798,6500.0,5,0,1,0,1.0,0
0.303078215,59,0,0.936012797,5000.0,12,0,2,0,0.0,0
0.0,49,0,0.139167309,5187.0,3,0,1,0,0.0,0
0.034281022,40,0,0.330933525,8333.0,7,0,2,0,1.0,0
0.002582213,69,0,1670.0,,11,0,1,0,0.0,0
0.32688382,54,0,0.197067318,4500.0,12,0,0,0,1.0,0
0.9999999,68,0,3740.0,,3,0,2,0,0.0,0
0.952095808,23,0,15.5,1.0,1,1,0,0,0.0,0
0.018672273,42,0,342.0,,7,0,0,0,0.0,0
0.364317841,27,0,0.102317694,1768.0,4,0,0,0,0.0,0
0.9999999,35,0,0.086357373,2176.0,1,0,0,0,0.0,0
0.0,41,0,1284.0,,5,0,1,0,0.0,0
0.135803494,71,0,0.07753797,1250.0,4,0,0,0,0.0,0
0.270157258,37,0,2752.0,,5,0,1,0,0.0,0
0.064583144,47,0,0.409843351,9000.0,12,0,2,0,1.0,0
0.071761898,58,0,0.576276322,6600.0,8,0,2,0,0.0,0
0.00092147,66,0,115.0,,3,0,0,0,,0
0.830339321,30,0,0.202389661,4100.0,2,0,1,0,2.0,1
0.396268325,45,0,0.348198699,6300.0,4,0,1,0,4.0,0
0.254768507,42,0,0.26306914,4150.0,5,0,2,0,0.0,0
0.289739417,60,0,0.543478261,7083.0,9,0,3,0,1.0,0
0.02513895,72,0,0.007996002,4001.0,4,0,0,0,0.0,0
1.660678643,33,2,2303.0,,8,4,0,2,0.0,1
0.088010384,44,0,3233.0,,6,0,1,0,0.0,0
0.0,39,0,0.454877413,7667.0,6,0,2,0,2.0,0
0.0,35,0,330.0,,4,0,0,0,0.0,0
0.232774839,62,0,0.268546291,5000.0,9,0,1,0,0.0,0
0.16669981,57,0,0.407932925,3100.0,6,0,1,0,0.0,0
0.618694245,57,0,1.229841897,5059.0,18,0,2,0,0.0,0
0.151722365,48,0,0.085140175,85000.0,16,0,3,0,3.0,0
0.076302508,45,0,0.639257719,6250.0,7,0,2,0,1.0,0
0.9999999,30,1,0.143010177,5600.0,2,0,0,0,2.0,0
0.037165118,40,0,0.25015753,3173.0,8,0,1,0,2.0,0
0.9999999,29,1,233.0,,1,0,0,0,0.0,0
0.000393396,67,0,0.0,,7,0,0,0,0.0,0
0.754081973,36,0,0.732024073,3156.0,7,0,1,1,2.0,1
0.429246744,60,3,1.50041632,1200.0,16,0,0,0,0.0,1
0.013174641,41,0,0.121859768,8000.0,8,0,0,0,2.0,0
0.817948878,75,0,392.0,,2,0,0,0,0.0,0
0.969660403,51,1,0.238704518,2500.0,6,0,0,0,1.0,0
0.29197746,63,1,4387.0,,15,1,2,0,0.0,0
0.02756749,33,1,0.838053982,3000.0,4,0,1,0,1.0,0
0.0,31,0,0.009498813,8000.0,6,0,0,0,0.0,0
0.888822236,59,0,0.324446814,3750.0,9,0,0,0,3.0,0
0.73780691,48,0,0.219798658,4767.0,5,0,0,0,1.0,0
0.900129622,59,0,0.534554538,1200.0,7,0,0,0,0.0,0
0.677472106,82,0,2898.0,,11,0,0,0,,0
0.053028696,65,0,0.462244405,6210.0,10,0,2,0,0.0,0
0.201999907,30,0,0.443476032,3900.0,8,0,2,0,0.0,0
0.275724143,53,0,1807.0,,9,0,3,0,,0
0.458498449,53,0,0.374609702,13130.0,17,0,2,0,0.0,0
0.0,47,1,1.334263393,3583.0,9,0,3,0,0.0,0
0.525881348,41,1,4646.0,,9,0,1,0,0.0,0
0.968677108,29,1,0.240788346,2333.0,6,1,0,0,0.0,0
0.192354349,53,0,0.008749563,20000.0,4,0,0,0,0.0,0
0.038826694,62,1,0.360127974,5000.0,3,0,1,0,0.0,0
0.646823566,54,2,0.947342275,2012.0,10,0,1,0,5.0,0
0.207876108,48,0,0.106485464,5812.0,5,0,0,0,1.0,0
0.234923561,58,0,1.010760953,1300.0,15,0,2,0,2.0,0
0.028127218,42,1,0.468236053,3100.0,9,0,1,0,0.0,0
0.783538479,61,0,0.167791439,10816.0,11,0,0,0,0.0,0
0.035489848,69,0,0.308438695,3400.0,9,0,1,0,0.0,0
0.039475185,24,0,0.139144342,2500.0,6,0,1,0,0.0,0
0.067759397,48,0,0.41447944,4571.0,12,0,2,0,2.0,0
0.0,48,0,0.36934784,15900.0,8,0,3,0,1.0,0
0.926991821,38,0,0.437269373,1625.0,6,0,0,0,0.0,0
0.279711524,64,0,706.0,,9,0,0,0,0.0,0
0.625697207,39,1,0.742756505,8800.0,11,0,6,0,1.0,0
0.964038058,29,1,0.263516583,2200.0,6,0,0,0,0.0,0
0.687593097,51,1,0.566857752,7500.0,11,0,1,0,3.0,0
0.0,82,0,0.0,,3,0,0,0,0.0,0
0.176005656,63,0,1460.0,,4,0,1,0,0.0,0
0.056519406,39,0,3253.0,0.0,14,0,1,0,0.0,0
0.9999999,41,0,0.025151226,3140.0,2,0,0,0,3.0,1
0.368997988,35,0,0.217165899,1735.0,7,0,0,0,0.0,0
0.549450549,59,0,0.006397441,2500.0,2,0,0,0,0.0,0
0.516349316,49,0,0.28525887,16938.0,15,0,2,0,0.0,0
0.027324225,26,0,0.003766478,530.0,1,0,0,0,0.0,0
0.245557121,36,1,0.241894307,7833.0,13,0,0,0,3.0,0
0.003556492,56,0,0.287786533,5583.0,9,0,1,0,3.0,0
0.0,42,0,6836.0,0.0,5,0,3,0,3.0,0
0.886758963,44,0,5356.0,,13,0,4,0,,0
0.322103079,47,0,0.108641683,8458.0,13,0,0,0,0.0,0
0.9999999,48,0,1245.0,,1,0,1,0,0.0,0
0.000143789,44,0,0.061878642,5833.0,18,0,0,0,0.0,0
0.007645218,69,0,0.169547208,7000.0,12,0,1,1,0.0,0
0.621818547,63,0,0.431025597,5820.0,9,0,2,0,1.0,0
0.031142222,45,0,628.0,,8,0,0,0,2.0,0
0.65487267,50,1,0.991345397,5083.0,13,0,1,0,0.0,0
0.05608208,61,0,0.214990138,6083.0,3,0,1,0,0.0,0
0.022194581,52,0,1.322384428,1643.0,10,0,1,0,0.0,0
0.199933356,88,0,0.002571061,7000.0,4,0,0,0,0.0,0
0.919774967,61,0,2305.0,,23,0,0,0,0.0,0
0.02389662,53,0,0.395405447,6572.0,13,0,1,0,3.0,0
0.070703253,77,0,0.265778738,8333.0,6,0,1,0,0.0,0
0.9999999,45,0,0.201496834,1736.0,2,0,0,0,0.0,0
0.367838708,64,0,0.483375497,5533.0,8,0,1,0,0.0,0
0.200904547,65,0,0.13276039,7795.0,10,1,1,0,1.0,0
0.013719071,35,0,0.360271116,1917.0,10,0,1,0,0.0,0
0.048159797,29,0,0.369156368,1860.0,8,0,0,0,2.0,0
0.084713223,40,1,2029.0,,5,0,1,0,0.0,0
0.051376423,43,0,0.050793228,7500.0,4,0,0,0,4.0,0
0.846034215,29,0,0.116402116,1889.0,2,0,0,0,0.0,0
0.71069422,37,0,0.155645369,23257.0,4,0,1,0,0.0,0
0.014710953,50,0,1.025423729,6253.0,8,0,3,0,0.0,0
0.622300584,47,0,0.641114518,7500.0,9,0,2,0,3.0,0
0.001070027,34,2,0.432119554,4750.0,12,0,1,0,1.0,0
0.029291857,65,0,0.145895828,11000.0,11,0,1,0,0.0,0
0.116338521,46,0,0.078302602,7917.0,8,0,0,0,0.0,0
0.381269833,72,1,0.166286119,12700.0,13,0,1,1,1.0,0
0.446573794,41,0,0.56921795,8400.0,17,0,4,0,1.0,0
0.13581297,66,0,0.631620299,28000.0,16,0,9,0,0.0,0
0.108454569,50,0,0.28416877,2772.0,8,0,1,0,3.0,0
0.116663889,52,0,0.130241974,10372.0,6,0,1,0,2.0,0
0.312074564,55,1,0.520847915,10000.0,13,0,1,1,2.0,0
0.086617692,40,0,0.033202428,2800.0,4,0,0,0,0.0,0
0.62163937,54,0,3262.0,,14,0,1,0,0.0,0
0.015480908,46,0,0.219968576,7000.0,10,0,1,0,0.0,0
0.109578084,35,0,1.301261093,2140.0,3,0,2,0,0.0,0
0.322908691,55,3,0.397091129,13200.0,19,0,1,0,3.0,0
0.014333225,64,0,0.024993752,4000.0,10,0,0,0,1.0,0
0.702487184,61,0,1.302175665,1240.0,12,0,1,0,0.0,0
0.374409228,51,0,0.369726039,12300.0,10,0,2,0,1.0,0
0.11528371,77,0,1125.0,,8,0,2,0,0.0,0
1.584097859,37,4,0.186833283,3280.0,7,1,0,0,0.0,1
0.093447921,35,0,0.595563658,3290.0,10,0,0,0,0.0,0
0.0,54,0,0.0,,4,0,0,0,0.0,0
0.9999999,32,0,28.0,,0,0,0,0,0.0,0
0.242886167,51,0,3462.0,,18,0,2,0,0.0,0
0.424414231,61,0,0.298805424,18583.0,9,0,4,0,0.0,0
0.076191091,59,0,0.257499227,9700.0,15,0,2,0,1.0,0
0.067363121,36,0,0.306312602,8585.0,10,0,2,0,3.0,0
0.154130398,62,2,1983.0,,8,0,1,0,0.0,0
0.0,31,0,0.050374928,5200.0,2,0,0,0,0.0,0
0.722348146,43,0,0.944126465,3668.0,10,1,1,0,0.0,0
0.617712273,49,0,0.321415803,8390.0,10,0,1,0,4.0,0
0.179640719,36,2,1114.0,,6,1,0,0,0.0,1
0.029906195,77,0,0.00719856,5000.0,9,0,0,0,0.0,0
0.496777857,40,0,0.080513559,8333.0,7,0,0,0,0.0,0
0.805255981,47,0,0.528643689,8500.0,8,0,2,0,2.0,0
0.620685491,67,0,0.35882244,5400.0,14,0,1,0,0.0,0
0.581686586,62,0,0.388739319,8542.0,10,0,1,0,0.0,0
0.0,50,0,921.0,,4,0,1,0,0.0,0
0.040235127,40,0,0.604511639,4166.0,9,0,2,0,0.0,0
0.032318396,48,0,1673.0,,8,0,1,0,0.0,0
0.134201697,48,0,0.01219756,5000.0,2,0,0,0,1.0,0
0.026709333,65,0,0.241575842,10000.0,7,0,1,0,0.0,0
0.024023414,92,0,0.004878049,3484.0,6,0,0,0,0.0,0
0.969052842,56,0,9316.0,,17,0,2,0,0.0,0
0.551964659,31,0,279.0,,6,0,0,0,,0
0.9999999,38,0,1750.0,,1,0,1,0,0.0,0
0.241805016,30,0,0.864451632,3400.0,13,0,1,0,1.0,0
0.9999999,60,2,87.0,,0,2,0,0,0.0,0
0.004327232,67,0,2.0,,3,0,0,0,,0
0.011616527,49,0,0.42378104,11033.0,21,0,5,0,0.0,0
0.9999999,24,98,0.0,750.0,0,98,0,98,0.0,0
0.057418626,75,1,0.341776371,6000.0,9,0,1,0,1.0,0
0.158389441,41,0,0.454091193,1600.0,8,0,0,0,2.0,0
0.518192947,46,0,0.752670397,7863.0,23,0,2,0,2.0,0
0.010038283,42,0,0.323417988,7126.0,12,0,2,0,0.0,0
0.0,24,1,0.012180268,820.0,1,0,0,0,0.0,0
0.086371152,37,0,0.505552128,3241.0,5,0,1,0,1.0,0
0.459029468,59,1,0.418196995,9583.0,19,0,2,0,0.0,0
0.038229515,54,0,0.144259888,10896.0,17,0,0,0,3.0,0
0.182434408,40,1,0.836034519,4750.0,21,0,1,0,1.0,1
0.146162873,55,0,0.086813548,3040.0,6,0,0,0,1.0,0
0.257798065,61,0,0.017825759,3982.0,3,0,0,0,0.0,0
0.023642636,72,0,0.445931395,6500.0,11,0,2,0,0.0,0
0.509326934,36,0,0.573482695,5980.0,5,0,1,0,1.0,0
0.732428502,31,0,0.133118493,4033.0,6,0,0,0,0.0,0
0.038034356,66,0,0.156875403,4646.0,9,0,1,0,0.0,0
0.55584026,51,0,0.335214032,8152.0,8,0,1,0,3.0,0
0.146929433,63,0,271.0,,6,0,0,0,0.0,0
0.008569914,44,0,0.495769882,6500.0,8,0,4,0,3.0,0
0.33675243,38,0,0.294201657,3500.0,8,0,0,0,2.0,0
0.146601008,58,0,0.266568382,29166.0,8,0,2,0,1.0,0
1.067350697,31,0,0.247996228,2120.0,4,0,1,1,1.0,0
0.024523757,34,0,0.003844675,2600.0,2,0,0,0,0.0,0
0.9999999,41,0,0.059253247,6159.0,1,0,0,0,2.0,0
0.107830632,36,1,0.249437641,4000.0,5,0,2,0,2.0,0
0.0,61,0,0.475161987,4166.0,11,0,2,0,2.0,0
0.09706133,33,0,0.198360328,5000.0,5,0,1,0,0.0,0
0.9999999,61,1,353.0,0.0,6,0,0,0,0.0,0
0.061620078,42,0,0.325142857,3499.0,3,0,1,0,2.0,0
0.790867346,71,0,0.561262607,5353.0,6,0,2,0,1.0,0
0.287930723,42,0,1.704918033,2500.0,9,0,1,0,0.0,0
0.9999999,60,0,0.022584228,2700.0,0,2,0,0,0.0,0
0.188103537,29,0,0.263947211,3333.0,5,0,0,0,0.0,0
0.002285671,80,0,0.001043841,2873.0,4,0,0,0,0.0,0
0.154170231,44,0,0.448137966,4000.0,9,0,1,0,3.0,0
0.037036351,53,0,59.0,,4,0,0,0,0.0,0
0.379024839,86,2,0.356131509,8333.0,9,0,1,0,0.0,0
0.703167753,65,0,0.589004229,2600.0,10,0,0,0,0.0,0
0.010361752,37,0,1470.0,,3,0,2,0,0.0,0
0.415876199,76,1,0.268536554,7700.0,13,0,1,0,0.0,0
0.056169824,80,0,58.0,,2,0,0,0,0.0,0
0.515618782,38,1,0.206074766,6419.0,11,0,0,1,2.0,0
0.423576424,36,0,0.006662965,1800.0,1,0,0,0,1.0,0
0.9999999,36,1,0.255794928,3666.0,3,2,0,0,2.0,1
0.0,43,1,0.402134472,4684.0,10,0,1,0,0.0,0
0.03307276,44,0,0.239960007,6000.0,8,0,1,0,0.0,0
0.323163697,31,0,2508.0,,7,0,2,0,0.0,0
0.061287764,60,0,0.385237465,6800.0,16,0,1,0,0.0,0
0.174608464,30,0,0.002571135,5833.0,1,0,0,0,0.0,0
0.001754355,45,0,0.289549377,7300.0,13,0,1,0,3.0,0
0.107941087,42,0,0.289439274,13000.0,16,0,2,0,1.0,0
0.865379072,42,0,0.453649479,7000.0,10,0,1,0,1.0,1
0.125581167,45,0,2006.0,,12,0,2,0,0.0,0
0.447535692,80,0,0.166943246,6025.0,6,0,1,0,0.0,0
0.04960812,57,0,1.245573958,1750.0,21,0,1,0,2.0,0
0.183491786,63,0,0.977995837,3362.0,18,0,1,0,0.0,0
0.575424575,30,0,0.00339932,5000.0,1,0,0,0,1.0,0
0.085254096,70,4,0.514801999,2600.0,5,0,1,0,1.0,0
0.0,41,0,0.0,1800.0,5,0,0,0,0.0,0
0.288471153,58,0,0.042978511,2000.0,3,0,0,0,0.0,0
0.00760583,50,0,0.045677256,6326.0,5,0,1,0,0.0,0
0.400783587,56,0,0.853554445,8200.0,25,0,2,0,0.0,0
0.104243104,64,0,0.622738002,5083.0,6,0,2,0,1.0,0
0.227585621,38,0,0.153039832,6200.0,7,0,0,0,0.0,0
0.281750225,26,0,0.09510943,3700.0,6,0,0,0,3.0,0
0.9999999,67,0,0.0,3200.0,0,2,0,0,0.0,0
1.015358081,26,0,0.719381959,4400.0,15,0,1,0,1.0,0
0.164640786,49,0,0.381500788,8248.0,9,0,1,0,0.0,0
0.376393899,62,0,0.667688182,5220.0,17,0,2,0,0.0,0
0.015146925,52,3,0.000383436,2607.0,4,0,0,0,0.0,0
0.952629292,65,1,1.086778737,2200.0,4,0,1,1,1.0,1
0.896790495,53,0,0.737937449,8600.0,15,0,2,0,1.0,0
0.107613923,77,0,0.536239933,3600.0,9,0,1,0,0.0,0
0.037999441,62,0,0.170023075,9533.0,5,0,1,0,0.0,0
0.897611553,39,0,0.256523212,2950.0,9,0,0,0,0.0,0
0.02092861,72,0,0.438924886,4166.0,5,0,1,0,0.0,0
0.07224742,51,0,3738.0,,8,0,2,0,2.0,0
0.9999999,22,0,0.083260298,1140.0,1,0,0,0,0.0,0
0.716075157,64,0,0.726890019,5700.0,5,1,3,0,1.0,0
1.371780085,31,1,0.335664336,1000.0,5,0,0,0,0.0,0
0.759766591,29,0,0.244747759,7472.0,12,0,1,0,2.0,0
0.012213008,38,0,0.009164757,4800.0,8,0,0,0,0.0,0
0.029570959,80,0,0.048762191,1332.0,13,0,0,0,0.0,0
0.275710138,73,0,2963.0,,18,0,2,0,0.0,0
0.218728449,43,0,0.412036502,8656.0,6,0,1,0,2.0,0
0.135786991,43,0,0.462354373,5750.0,13,0,1,0,0.0,0
0.005584484,42,0,407.0,,4,0,0,0,0.0,0
0.406684597,64,0,0.269783604,6330.0,16,0,1,0,0.0,0
0.045960284,34,0,0.205196536,1500.0,7,0,0,0,0.0,0
0.144422649,45,0,0.441993824,6800.0,10,1,2,1,3.0,1
0.961936502,42,2,1.054525627,2750.0,8,1,2,1,2.0,0
0.407450243,76,0,437.0,0.0,5,0,0,0,0.0,0
0.407130067,50,1,0.454956618,10833.0,15,0,2,0,3.0,1
0.0,45,0,0.334773218,4166.0,4,0,1,0,0.0,0
1.18762475,25,0,0.131596091,1534.0,2,0,0,0,1.0,1
0.122368052,50,2,0.555088982,5000.0,17,0,3,0,0.0,0
0.022409929,36,0,0.000956328,3136.0,3,0,0,0,0.0,0
0.0,45,0,0.31358756,2700.0,6,0,2,0,1.0,0
0.024008016,68,0,0.298103608,4323.0,24,0,1,0,1.0,0
0.9999999,43,3,0.146170766,5000.0,4,0,0,0,1.0,1
0.023786667,94,0,0.006497726,3077.0,7,0,0,0,0.0,0
0.008484615,84,0,0.00119984,7500.0,2,0,0,0,0.0,0
0.058094727,90,0,35.0,,5,0,0,0,0.0,0
0.018730806,64,0,0.07622812,7083.0,13,0,0,0,0.0,0
0.86037013,34,0,0.329456178,9800.0,11,0,1,0,1.0,0
0.0,52,0,0.170641468,20000.0,9,0,2,0,3.0,0
0.0,49,0,0.495615573,2850.0,6,0,1,0,2.0,0
0.300888517,53,0,0.402913221,8100.0,9,0,1,0,1.0,0
0.274085185,62,0,1792.0,,4,0,1,0,,0
0.017696113,75,0,0.090818197,6000.0,7,0,1,0,0.0,0
0.924198251,27,0,896.0,,6,0,0,0,,0
0.012287803,59,0,23.0,,8,0,0,0,0.0,0
0.783458305,24,0,0.106183635,1600.0,6,0,0,0,0.0,0
0.451936578,31,0,1.02736266,4750.0,6,1,2,0,0.0,0
0.375983094,40,0,0.509248459,6000.0,14,0,1,0,2.0,0
0.9999999,43,0,0.195567145,2300.0,3,0,0,0,0.0,0
0.258208873,59,0,0.464614575,3800.0,12,0,2,0,2.0,0
0.994276257,53,3,0.342590535,4500.0,5,0,1,0,4.0,0
0.167076167,63,0,0.247477174,2080.0,6,0,0,0,0.0,0
0.9999999,76,0,0.062484379,4000.0,2,0,0,0,0.0,0
0.0,71,0,0.225144214,5893.0,11,0,1,0,1.0,0
0.378789132,65,0,0.422912104,10500.0,29,0,1,0,0.0,0
0.093869133,87,0,685.0,,5,0,1,0,0.0,0
0.009860455,70,0,6849.0,,14,0,9,0,0.0,0
0.341723373,42,0,0.350621103,20688.0,8,0,3,0,0.0,0
0.046657532,74,0,0.393133998,9029.0,6,0,1,0,0.0,0
0.010559846,70,1,0.282226266,6593.0,29,0,1,0,0.0,0
0.009377361,59,1,1458.0,,9,0,2,0,0.0,0
0.030498614,69,0,0.118587608,1500.0,6,1,0,0,2.0,0
1.856057577,37,0,0.478085173,6433.0,8,0,1,0,1.0,0
0.002745038,66,0,4855.0,,7,0,2,0,0.0,0
0.843510098,76,0,1.718056389,1666.0,9,0,1,0,0.0,1
0.99860028,31,1,0.624442921,5833.0,10,0,2,1,0.0,0
0.233354784,42,2,0.169483052,10000.0,13,0,2,0,0.0,0
0.03435095,52,0,0.278659612,10772.0,8,0,1,0,1.0,0
0.063808913,59,0,0.075191355,2220.0,9,0,0,0,0.0,0
0.112053652,61,0,0.146024215,12223.0,7,0,1,0,4.0,0
0.291983315,41,0,0.455632624,4180.0,9,0,3,0,3.0,0
0.011605092,60,0,0.325530035,13583.0,11,0,1,0,0.0,0
0.001349153,49,0,0.612573885,1860.0,7,0,1,0,2.0,0
0.9999999,40,1,0.472732751,3318.0,4,0,1,0,1.0,0
0.99593964,73,1,0.516171792,3771.0,7,0,2,0,0.0,0
0.01298566,71,0,2365.0,,9,0,1,0,0.0,0
0.738510267,37,0,0.439181147,4200.0,10,0,1,0,0.0,0
0.075240022,70,0,0.800816697,2203.0,12,0,1,0,0.0,0
0.804856369,35,0,0.356410897,4000.0,7,0,0,0,3.0,0
0.377322306,43,0,0.86677987,6477.0,12,0,2,0,2.0,0
0.9999999,67,0,2510.0,,4,0,1,0,0.0,0
0.671940464,50,0,0.316112259,15000.0,15,0,1,0,2.0,0
0.779878091,51,0,0.166283372,10000.0,9,0,0,0,1.0,0
0.36003033,51,0,0.126041088,1800.0,2,0,0,0,1.0,0
0.427391362,42,0,0.507518314,7780.0,9,0,2,0,0.0,0
0.006063581,58,0,1512.0,,21,0,1,0,0.0,0
0.0,36,0,0.080767693,2500.0,2,0,0,0,2.0,0
0.0,82,0,0.0,,15,0,0,0,0.0,0
0.0,30,0,1.153692615,500.0,9,0,0,0,0.0,0
0.474868886,52,0,2504.0,,7,0,1,0,0.0,0
0.206576229,66,1,0.386625094,9300.0,17,0,2,0,1.0,0
0.532220677,50,0,34.0,,1,0,0,0,0.0,0
0.0,54,1,0.226462874,11056.0,9,0,2,0,3.0,0
0.602492116,50,0,0.375253234,6416.0,9,0,2,0,2.0,0
0.0,55,0,4391.0,,9,0,1,0,0.0,0
0.941922581,52,0,0.91622027,4666.0,9,0,2,0,0.0,0
0.065493451,76,0,0.395600733,6000.0,3,0,1,0,0.0,0
0.990648178,36,0,0.650401482,1618.0,4,0,0,0,2.0,0
0.21466808,53,0,0.1979901,6666.0,12,0,0,0,1.0,0
0.433081515,65,0,0.719477024,5200.0,9,0,3,0,0.0,0
0.303189566,61,0,0.662947399,6900.0,13,0,3,0,0.0,0
0.037424064,50,0,0.420138062,4200.0,5,0,1,0,3.0,0
0.9999999,55,0,0.128926454,7926.0,3,0,1,0,0.0,0
0.004007384,51,0,0.181175843,7500.0,15,0,1,0,0.0,0
0.974155834,40,2,0.600924054,3462.0,2,0,1,0,0.0,0
0.029664445,93,0,107.0,,7,0,0,0,,0
0.019021482,85,0,0.007036747,2557.0,3,0,0,0,0.0,0
0.0516591,37,1,0.456908618,5000.0,10,0,1,0,2.0,0
0.01717404,37,0,0.437609075,4583.0,9,0,2,0,2.0,0
0.0,36,1,0.0,2500.0,3,0,0,0,2.0,0
0.019692206,61,0,0.0822,9999.0,6,0,1,0,2.0,0
0.046232424,73,1,0.238166667,5999.0,9,0,2,0,0.0,0
1.008680362,75,2,0.501831502,10100.0,12,0,2,0,1.0,0
0.012748662,31,0,0.298015222,6700.0,13,0,2,0,0.0,0
0.863464992,51,0,1600.0,,7,0,0,0,1.0,1
0.064822908,43,0,0.584262504,9416.0,17,0,5,0,1.0,0
0.0,57,0,0.23423536,16000.0,5,0,3,0,2.0,0
0.007548344,69,0,38.0,,7,0,0,0,0.0,0
0.934802371,45,1,0.25871438,7544.0,8,0,0,1,0.0,0
0.406382919,42,0,0.299713806,10132.0,9,0,2,0,1.0,0
0.008868545,80,0,0.448850383,3000.0,11,0,2,0,0.0,0
0.036541813,56,0,0.591691617,2671.0,10,0,1,0,1.0,0
0.042290263,88,0,0.017614854,4200.0,11,0,0,0,1.0,0
0.269640108,35,0,0.420441921,8100.0,12,0,2,0,0.0,0
0.0,54,0,0.283534982,1900.0,4,0,0,0,0.0,0
0.00299975,54,0,0.312922356,7250.0,7,0,2,0,0.0,0
0.64148026,47,1,0.332423829,2198.0,7,0,0,0,2.0,0
0.080416977,40,0,0.381649411,2800.0,8,0,2,0,2.0,0
0.9999999,41,1,0.52892562,4718.0,2,0,2,2,2.0,0
0.191361728,29,0,0.454012263,3750.0,8,0,1,0,0.0,0
0.028423019,55,0,0.22447412,16923.0,16,0,2,0,1.0,0
0.542322022,65,0,0.711798612,8500.0,17,0,2,0,0.0,0
0.717853471,67,0,3174.0,,15,0,3,0,0.0,0
0.015876823,64,0,0.224911238,13800.0,3,0,1,0,0.0,0
0.226005102,55,0,0.64194499,2035.0,8,0,0,0,0.0,0
0.894821036,56,0,0.820379656,5583.0,6,0,2,0,0.0,0
0.007070982,89,0,11.0,,11,0,0,0,0.0,0
0.658692866,42,0,0.346009975,6415.0,5,0,1,0,4.0,0
0.049922644,72,0,0.00779844,5000.0,8,0,0,0,0.0,0
0.339707219,43,0,0.475262753,3900.0,8,0,1,0,2.0,0
0.015134453,49,0,1.329261521,1800.0,8,0,1,0,4.0,0
0.9999999,68,0,0.0,,1,0,0,0,0.0,0
0.894614555,37,0,0.1535418,7834.0,6,0,0,2,3.0,0
0.652574942,63,1,638.0,,4,1,0,0,,0
0.247857328,25,1,0.115561118,4793.0,7,0,0,0,1.0,0
0.0099518,64,0,0.256249107,7000.0,4,0,1,0,0.0,0
0.985218923,37,3,3778.0,,9,0,2,1,0.0,1
0.991059875,40,0,0.072202166,3600.0,3,0,0,0,1.0,0
0.321290465,30,1,0.512315271,3450.0,7,0,1,0,1.0,0
0.048209605,50,0,0.340027178,6622.0,11,0,1,0,1.0,0
0.0,84,0,0.0,1600.0,5,0,0,0,0.0,0
0.602919854,44,0,0.591526779,1250.0,2,0,0,0,3.0,0
0.01848311,50,0,0.269526828,8833.0,8,0,2,0,0.0,0
0.951603226,58,2,0.385717051,5166.0,4,2,1,2,0.0,0
0.490153846,53,0,2209.0,,9,0,1,0,3.0,0
0.035171631,45,0,906.0,1.0,14,0,1,0,2.0,0
0.025878965,50,0,0.330022918,5235.0,6,0,2,0,1.0,0
0.053958746,48,0,0.723455309,5000.0,9,0,2,0,1.0,0
0.032139489,66,0,0.174202866,9000.0,6,0,1,0,0.0,0
0.0,36,0,1384.0,,10,0,1,0,0.0,0
0.097456936,73,0,0.522035438,2200.0,13,0,2,0,1.0,0
0.292707293,50,0,0.341724503,8500.0,8,0,1,0,0.0,0
0.0,80,0,0.117294235,3000.0,2,0,0,0,0.0,0
1.084130838,67,2,0.179008568,3267.0,3,0,0,0,2.0,0
0.859490479,40,0,0.181705371,5640.0,5,0,0,0,0.0,0
0.966406719,45,0,0.065950463,3350.0,4,0,0,0,1.0,0
0.87701755,29,0,2.599503517,2416.0,12,0,2,0,0.0,0
0.282679417,45,0,0.233586315,8300.0,10,0,1,0,2.0,1
0.082424908,65,0,0.187743191,1027.0,4,0,0,0,0.0,0
0.097751651,27,0,0.226773227,1000.0,4,0,0,0,0.0,0
0.759690929,39,0,760.0,,5,0,0,0,0.0,0
0.061475951,57,1,0.473555113,6522.0,12,0,2,0,0.0,0
0.27709426,80,0,384.0,,8,0,1,0,0.0,0
0.390425935,48,0,0.405709233,7916.0,13,0,2,0,0.0,0
0.0,64,0,0.185341687,6862.0,6,0,1,0,0.0,0
0.9999999,43,0,24.0,,0,2,0,0,0.0,1
0.010094963,33,0,0.002678354,4106.0,4,0,0,0,3.0,0
0.563022924,68,0,0.030996125,8000.0,3,1,0,0,2.0,0
0.067812836,39,0,0.295075828,5340.0,17,0,1,0,0.0,0
0.308127441,60,0,0.259456757,6000.0,9,0,1,0,0.0,0
0.023716645,70,0,0.016463585,10750.0,27,0,0,0,0.0,0
0.63664014,36,0,0.328597737,3800.0,4,0,1,0,0.0,0
0.237793844,59,0,0.366807376,4500.0,10,0,0,0,2.0,0
0.915470031,34,0,0.385931559,4733.0,6,0,0,0,0.0,0
0.035666597,69,1,0.282239254,3000.0,10,0,0,0,0.0,0
0.398652726,53,0,0.833109017,5200.0,14,0,2,0,1.0,0
0.034080639,70,0,0.302339532,5000.0,8,0,1,0,0.0,0
0.003915802,53,0,0.360063994,10000.0,14,0,1,0,1.0,0
0.027789214,61,0,0.288543948,10500.0,9,0,1,0,0.0,0
0.260749488,56,0,0.351277955,6259.0,3,0,1,0,1.0,0
0.17220889,58,0,0.030322685,6166.0,7,0,0,0,0.0,0
0.0,52,1,0.45764639,5276.0,8,0,2,0,2.0,1
0.9999999,46,0,0.312488638,5500.0,6,0,2,0,0.0,0
0.031843922,73,0,0.013118565,6021.0,6,0,1,0,1.0,0
0.9999999,39,0,0.008482278,3300.0,0,1,0,0,1.0,1
0.041505599,51,0,0.409391808,4833.0,11,0,1,0,2.0,0
0.019527933,81,0,31.0,,10,0,0,0,,0
0.022288912,65,0,0.368926215,5000.0,13,0,1,0,0.0,0
0.263473054,23,0,0.112565445,1527.0,2,0,0,0,0.0,0
0.061012724,48,0,0.218784719,11700.0,8,0,1,0,0.0,0
0.000348255,51,0,0.497250275,10000.0,18,0,2,0,2.0,0
0.956452431,41,1,0.661167788,4606.0,9,0,2,0,2.0,0
0.23715616,72,0,0.329949875,15959.0,25,0,2,0,1.0,0
0.003286224,70,0,9.0,,7,0,0,0,0.0,0
0.172373186,36,0,0.276937845,12500.0,18,0,2,0,1.0,0
0.765895627,53,0,0.309369783,9583.0,9,1,1,0,0.0,0
0.52693981,48,0,0.422134935,12983.0,20,0,3,0,2.0,0
0.01147083,40,0,0.152984702,10000.0,3,0,1,0,2.0,0
0.419032544,29,0,1.486256872,2000.0,28,0,0,0,0.0,0
0.033154082,51,1,0.357944932,6500.0,10,0,1,0,3.0,0
0.044540253,45,0,3673.0,,7,0,1,0,0.0,0
0.0,55,0,0.336266373,10000.0,7,0,2,0,0.0,0
0.0,36,1,0.508093995,5744.0,7,0,1,0,3.0,0
0.873383425,39,2,0.785327069,5533.0,12,0,1,0,1.0,0
0.709184918,55,0,2982.0,,10,0,2,0,0.0,0
0.026374341,71,0,0.149060117,16650.0,8,0,1,0,0.0,0
0.020576527,47,0,0.162967179,5270.0,10,0,1,0,0.0,0
0.9999999,24,0,0.0,800.0,1,0,0,0,0.0,0
0.173272024,33,0,0.407465008,4500.0,7,0,0,0,2.0,0
0.110915563,65,0,124.0,,3,0,0,0,0.0,0
0.133672833,51,1,0.372008018,8480.0,20,0,3,0,2.0,1
0.049580168,25,0,0.001172791,2557.0,3,0,0,0,0.0,0
0.0,56,0,0.0,,3,0,0,0,0.0,0
0.009400524,47,0,0.005553499,2700.0,4,0,0,0,2.0,0
0.082504198,47,0,0.252993838,8600.0,7,0,1,0,3.0,0
0.0,47,0,0.433990281,7407.0,9,0,1,0,2.0,0
0.492059098,52,0,0.344913772,4000.0,4,0,1,0,0.0,0
0.804824641,45,0,0.126898673,5200.0,4,0,0,0,0.0,0
0.009518342,62,0,0.148140538,14600.0,12,0,3,0,1.0,0
0.526826353,61,0,0.618595351,4000.0,7,0,2,0,0.0,0
0.0,59,0,0.185821697,10240.0,17,0,2,0,0.0,0
0.077854453,51,0,0.164972274,15147.0,7,0,1,0,3.0,0
0.484462499,47,1,0.733531943,9062.0,21,0,2,0,5.0,0
0.005030692,90,0,0.001124859,8000.0,4,0,0,0,0.0,0
0.515902884,58,0,0.155655483,8672.0,6,0,0,0,0.0,0
0.9999999,37,0,220.0,,1,2,0,0,0.0,1
0.101898102,25,0,0.001998668,1500.0,1,0,0,0,1.0,0
0.132344902,59,0,0.944350548,15974.0,16,0,7,0,1.0,0
0.429405882,59,0,0.370394522,9200.0,15,0,2,0,0.0,0
0.007710323,71,0,8.0,,2,0,0,0,1.0,0
0.388974899,60,1,0.087446437,6300.0,11,0,1,0,0.0,0
0.3213154,60,0,0.334335086,2661.0,4,0,0,0,2.0,0
0.762319216,42,0,0.363294539,5584.0,5,0,0,0,0.0,0
0.271357621,55,0,0.188215411,13016.0,8,0,2,0,0.0,0
0.222453399,56,0,245.0,,5,0,0,0,0.0,0
0.956252187,66,0,1877.0,,4,0,0,0,0.0,0
0.106909153,39,0,0.213790587,2740.0,9,0,0,0,3.0,0
0.070492951,29,0,0.010494753,2000.0,2,0,0,0,0.0,0
0.9999999,40,1,2855.0,,8,0,1,2,0.0,0
0.311373309,62,0,0.341587302,4724.0,4,0,1,0,1.0,0
0.080187673,62,0,1072.0,,5,0,1,0,0.0,0
0.089869383,42,1,0.091979195,3652.0,3,0,1,0,0.0,0
0.001904611,88,0,0.0,,1,0,0,0,,0
0.412097584,70,1,1.087117966,3500.0,20,0,2,0,0.0,0
0.03710089,27,1,0.910447761,200.0,6,0,0,0,0.0,0
0.088654374,39,0,0.471717969,3800.0,10,0,1,0,2.0,0
0.016379222,54,0,0.854451067,5200.0,25,0,2,0,1.0,0
0.014133322,64,0,0.793650794,8000.0,7,0,2,0,2.0,0
0.050904957,73,1,0.207422645,11666.0,7,0,2,0,0.0,0
0.485003458,35,2,0.792488517,3700.0,14,0,2,0,2.0,0
0.0,65,0,0.0,8333.0,4,0,0,0,1.0,0
0.214741453,29,0,500.0,,3,0,0,0,,0
0.85440416,31,0,0.171443807,7500.0,5,0,0,0,0.0,0
0.031034589,66,0,3705.0,,10,0,3,0,0.0,0
0.561804774,40,1,0.175248419,7748.0,4,0,0,0,1.0,0
0.383583015,63,0,0.326076439,6200.0,6,0,1,0,0.0,0
0.014847585,50,0,0.452187582,3816.0,7,0,2,0,0.0,0
0.977563712,41,0,0.517247125,6000.0,6,0,1,0,0.0,0
0.019874324,64,0,0.255923111,4473.0,9,0,1,0,0.0,0
0.002365226,54,0,2040.0,,8,0,1,0,0.0,0
0.024433016,50,0,0.270877341,14201.0,9,0,1,0,2.0,0
0.029056831,56,0,0.419320105,6500.0,12,0,2,0,0.0,0
0.394956675,48,0,0.555869393,8850.0,15,0,1,0,2.0,0
0.0,45,0,0.255299293,7500.0,6,0,1,0,0.0,0
0.082939016,84,0,0.094928479,3844.0,11,0,0,0,0.0,0
0.018773891,35,0,0.543829296,1733.0,10,0,2,0,0.0,0
0.0,67,0,0.28616741,18600.0,15,0,3,0,0.0,0
0.143379101,53,0,284.0,,7,0,0,0,0.0,0
0.588795431,64,0,6794.0,,14,0,3,0,0.0,0
0.00519948,64,0,0.134621793,3000.0,4,0,1,0,0.0,0
0.014452116,58,0,0.220049729,8847.0,11,0,1,0,3.0,0
0.096935449,27,0,0.005985267,2171.0,2,0,0,0,0.0,0
0.004567827,81,0,0.249022164,2300.0,8,0,1,0,0.0,0
0.0,34,0,0.358230428,8340.0,11,0,3,0,0.0,1
0.013937686,63,0,0.003570154,2800.0,8,0,0,0,0.0,0
0.0,60,0,558.0,,6,0,1,0,0.0,0
0.806477598,65,0,0.145211351,13531.0,11,0,1,0,0.0,0
0.447537048,39,0,0.314798044,11041.0,8,0,2,0,3.0,0
0.051889687,58,0,2084.0,,12,0,2,0,2.0,0
0.0,32,0,0.077926421,2989.0,5,0,1,0,1.0,0
0.187219244,49,0,0.289903366,3000.0,6,0,0,0,0.0,0
0.330836454,43,2,0.041138156,5833.0,4,1,0,1,0.0,1
0.046835276,37,0,0.40925538,5250.0,8,0,2,0,0.0,0
0.335463691,75,0,0.499933342,7500.0,25,0,2,0,1.0,0
0.265090827,45,0,0.076866667,29999.0,4,0,1,0,1.0,0
0.036575386,68,1,0.305423644,4000.0,10,0,1,0,0.0,0
0.25354929,46,0,4171.0,,6,0,4,0,0.0,1
0.054887364,45,0,0.504665423,3750.0,9,0,1,0,2.0,0
0.756949933,60,0,0.4223533,9832.0,12,0,2,0,1.0,0
0.231194606,66,0,0.064953605,1400.0,4,0,0,0,1.0,0
0.359381565,33,0,0.183799026,3900.0,2,0,0,0,0.0,0
0.84390033,34,0,0.154004999,9200.0,7,0,0,0,1.0,0
0.013218661,57,0,0.085321957,7500.0,10,0,1,0,0.0,0
0.61172717,30,0,2666.0,,6,0,2,0,0.0,0
0.038163486,28,0,0.286428393,4000.0,13,0,1,0,0.0,0
0.179363305,42,0,0.689183913,2560.0,7,0,1,0,3.0,0
0.191580539,41,0,2292.0,,8,0,3,0,0.0,0
0.002638235,74,0,0.000564653,14167.0,15,0,0,0,0.0,0
0.167128745,48,0,2104.0,,9,0,1,0,0.0,1
0.073499619,76,0,672.0,,7,0,1,0,0.0,0
0.083875571,48,1,0.83038987,3000.0,18,0,2,0,1.0,0
0.053052624,49,0,1.300559552,1250.0,11,0,1,0,0.0,0
0.0,48,1,0.309839389,6412.0,7,0,1,0,1.0,0
0.038767995,50,0,0.145982826,8500.0,20,0,1,0,1.0,0
0.01159768,67,0,0.039428449,9307.0,6,0,0,0,0.0,0
0.574513284,69,0,3082.0,,13,0,1,0,,0
0.13455635,56,0,0.65489001,10500.0,22,0,2,0,1.0,1
0.244217928,55,0,0.25798053,8833.0,6,0,2,0,1.0,0
0.0,34,0,0.069322967,6173.0,6,0,0,0,0.0,0
0.280621413,43,0,0.35572327,3974.0,9,0,0,0,2.0,0
0.005199913,80,0,1114.0,,5,0,1,0,0.0,0
0.0,62,0,16.0,,13,0,0,0,0.0,0
0.0,30,0,3145.0,,13,0,2,0,0.0,0
0.262178676,50,0,0.204501091,8708.0,12,0,1,0,1.0,0
0.0,65,0,0.271220401,10979.0,8,0,2,0,1.0,0
0.204569886,63,1,252.0,,12,0,0,0,0.0,0
0.093171136,54,0,0.328706274,1800.0,12,0,1,0,1.0,0
0.104038031,31,0,0.055194805,3695.0,6,0,0,0,0.0,0
0.003964078,59,0,3.0,,4,0,0,0,0.0,0
0.003499891,30,0,0.000642811,4666.0,7,0,0,0,0.0,0
0.135808525,70,0,0.392637311,8447.0,11,0,2,0,0.0,0
0.238348031,51,0,0.766893243,2500.0,10,0,2,0,2.0,0
0.9999999,61,0,0.0,,0,0,0,0,,1
0.158052622,55,0,0.27785841,6200.0,3,0,1,0,0.0,0
0.676646707,30,0,0.127363617,4600.0,3,0,0,0,1.0,0
0.854731046,54,0,0.4679594,6600.0,12,0,1,0,1.0,0
0.040284892,63,0,0.215716487,5840.0,6,0,1,0,0.0,0
0.181148361,36,2,0.37139228,14170.0,7,0,2,0,2.0,0
0.166247339,60,0,0.168262072,4700.0,4,0,0,0,0.0,0
0.19911387,70,0,1018.0,,15,0,0,0,0.0,0
0.878024395,51,0,0.237758831,4104.0,5,0,0,0,0.0,0
0.637310796,47,1,0.478736169,7500.0,16,0,2,0,1.0,0
0.001777699,84,0,0.001999334,3000.0,5,0,0,0,0.0,0
0.126145815,53,0,0.203759248,5000.0,9,0,1,0,0.0,0
0.221375216,38,0,0.260473777,9666.0,8,0,2,0,0.0,0
0.9999999,36,0,0.689006467,1700.0,3,0,0,0,1.0,0
0.008878134,43,0,30.0,,14,0,0,0,0.0,0
0.027130164,62,0,0.0029521,10500.0,6,0,0,0,0.0,0
0.9999999,73,1,0.069302326,2149.0,3,0,0,0,0.0,0
0.010792731,39,1,0.457393963,5233.0,11,0,1,0,1.0,0
0.098369538,32,1,0.272183293,12700.0,12,0,1,1,1.0,0
0.438147525,55,0,0.375721094,3986.0,8,0,0,0,5.0,0
0.035272422,49,0,0.189584833,4166.0,19,0,1,0,0.0,0
0.012865809,40,0,0.207430856,6001.0,4,0,1,0,0.0,0
0.00589704,58,0,0.074365704,8000.0,7,0,0,0,2.0,0
0.058250541,48,0,4025.0,,19,0,2,0,0.0,0
0.9999999,52,0,0.537431237,4180.0,5,2,2,0,2.0,1
0.987030024,55,0,0.255154185,11349.0,6,0,2,0,0.0,0
0.029979482,49,1,0.193964931,7356.0,6,1,1,0,0.0,0
0.093531052,51,0,0.357074843,5250.0,10,0,1,0,0.0,0
0.0,49,0,0.279394645,11166.0,7,0,2,0,0.0,0
0.011110494,63,0,0.214576698,13500.0,11,0,1,0,0.0,0
0.056348591,51,0,941.0,,3,0,1,0,0.0,0
0.62143696,49,2,2693.0,,18,0,2,0,2.0,0
0.29868805,54,0,0.992611908,2300.0,11,0,2,0,1.0,0
0.9999999,60,0,24.0,,1,0,0,0,0.0,0
1.095175535,53,0,1.024675601,4700.0,5,2,3,0,0.0,1
0.833457157,43,2,0.159471994,2802.0,11,0,0,0,3.0,0
0.024791959,63,0,0.159384197,8833.0,7,0,1,0,0.0,0
0.988273803,44,1,414.0,1.0,4,0,0,0,3.0,0
0.601036131,37,0,0.690267292,4900.0,12,0,1,0,2.0,0
0.014157038,55,0,0.077175698,7916.0,12,0,1,0,0.0,0
0.922077922,41,2,0.435560231,1900.0,4,0,1,1,2.0,1
0.106986627,56,0,25.0,,5,0,0,0,0.0,0
0.0,30,0,0.557476636,2139.0,4,0,1,0,1.0,0
0.019125749,48,0,0.072750259,8700.0,8,0,0,0,1.0,0
1.062744771,48,0,0.173706441,41667.0,11,0,2,0,2.0,0
0.019349033,65,0,1879.0,,12,0,1,0,0.0,0
0.005069708,46,2,0.382397396,8600.0,11,0,1,0,0.0,0
0.108616635,61,0,0.156726918,9238.0,7,0,1,0,0.0,0
0.075996465,64,0,99.0,,6,0,0,0,,0
0.126144143,34,0,0.395285203,4750.0,7,0,1,0,0.0,0
0.9999999,77,0,0.321643287,6985.0,6,0,1,0,0.0,0
0.028358866,66,0,0.111419968,4316.0,6,0,1,0,1.0,0
0.045125132,42,0,0.006260325,11500.0,6,0,1,0,2.0,0
0.003888457,74,0,4.0,,3,0,0,0,0.0,0
0.417106303,44,1,0.438400344,4650.0,11,0,3,0,1.0,0
0.217342316,54,0,2435.0,,7,0,2,0,1.0,0
0.0,79,0,0.001893939,1583.0,7,0,0,0,1.0,0
0.152243341,50,0,0.227064426,11128.0,9,0,2,0,2.0,0
0.085640638,29,0,0.038534996,8900.0,5,0,0,0,2.0,0
0.143418166,43,0,0.577210936,6546.0,21,0,2,0,2.0,0
0.008557742,78,0,4.0,,3,0,0,0,0.0,0
0.062002404,50,0,0.298433165,12253.0,8,0,2,0,2.0,0
0.407083601,48,0,0.3152983,9000.0,7,0,2,0,1.0,0
0.582483503,34,1,0.090953426,4100.0,2,0,0,0,0.0,0
0.028412522,71,0,0.05666127,10500.0,8,0,0,0,0.0,0
0.0,65,0,0.17448837,12166.0,4,0,1,0,1.0,0
0.269479785,47,0,0.535608934,9491.0,14,0,1,0,1.0,0
0.042593817,53,0,0.077101719,8611.0,8,0,1,0,3.0,0
0.647193258,45,0,0.405750225,5564.0,8,0,1,0,2.0,0
0.117001334,93,0,181.0,,7,0,0,0,,0
0.572708066,58,0,0.996786862,2800.0,10,0,2,0,0.0,0
0.583831483,49,0,0.341422312,2966.0,5,0,0,0,1.0,0
0.31458571,70,0,0.491525424,4542.0,16,0,1,0,1.0,0
0.9999999,29,1,0.182117283,5166.0,1,1,0,1,0.0,0
0.406153651,55,0,0.795867355,6000.0,9,0,2,0,3.0,0
0.639154815,47,0,1970.0,,14,0,0,0,,0
0.653707304,30,2,0.140619793,3000.0,6,0,0,1,0.0,0
0.017488278,70,0,0.306056579,5266.0,18,0,1,0,1.0,0
0.080950454,48,0,0.243954699,6533.0,7,0,1,0,1.0,0
1.413872126,55,0,0.372763629,4750.0,8,0,1,0,0.0,0
0.515089637,39,0,0.555444887,3011.0,16,0,1,0,1.0,0
0.0,75,0,0.143215241,5983.0,3,0,1,0,0.0,0
0.037297733,50,0,0.004777247,9000.0,3,0,0,0,0.0,0
0.379848026,56,0,2690.0,,13,0,1,0,0.0,0
0.032217946,63,0,0.018119338,3200.0,6,0,0,0,0.0,0
0.725646209,41,0,1.681829543,4000.0,9,0,3,0,3.0,0
0.876188928,69,2,0.412974684,5687.0,9,0,1,0,0.0,0
0.004813478,87,0,2.0,,4,0,0,0,0.0,0
0.0,26,0,0.0,2901.0,2,0,0,0,0.0,0
0.011896733,68,0,0.514771414,6058.0,13,0,2,0,0.0,0
0.159727492,68,0,0.053013393,5375.0,7,0,0,0,0.0,0
0.019326551,74,0,1.505535055,541.0,16,0,1,0,0.0,0
0.019999216,42,0,812.0,,3,0,1,0,0.0,0
0.001790091,52,0,0.67659031,12528.0,15,0,5,0,1.0,0
0.31884058,37,1,24.0,,1,0,0,0,0.0,0
0.146963902,78,0,0.31928012,6000.0,18,0,2,0,0.0,0
0.017677755,63,0,0.043991202,5000.0,6,0,0,0,0.0,0
0.004084933,46,0,0.322855464,3403.0,4,0,1,0,0.0,0
0.309507484,61,0,0.557984537,3750.0,17,0,2,0,0.0,0
0.022559549,76,0,0.390699696,2300.0,7,0,1,0,0.0,0
0.049151493,62,0,3086.0,,17,0,3,0,3.0,0
0.649857279,40,1,0.121309963,4335.0,4,0,0,0,0.0,0
0.757397057,48,0,0.548505506,1906.0,4,0,1,0,3.0,0
0.009210375,47,0,3321.0,,14,0,2,0,0.0,0
0.0,86,0,0.0,,1,0,0,0,,0
0.976458488,60,4,0.651220919,5200.0,12,1,1,0,2.0,1
0.0039992,66,0,0.078312605,27900.0,10,0,1,0,0.0,0
0.039317171,60,0,0.190212916,8500.0,17,0,1,0,1.0,0
0.610229013,63,0,3093.0,0.0,8,0,0,0,0.0,0
0.460217297,52,0,0.374735356,2833.0,8,0,0,0,0.0,0
0.634178791,46,0,0.404521405,4157.0,4,0,1,0,2.0,0
0.216939685,66,0,0.657540603,4309.0,12,0,3,0,0.0,0
1.017777778,57,1,0.491233766,3079.0,6,0,0,0,1.0,0
0.085111854,51,0,0.521098119,5900.0,4,0,1,0,1.0,0
0.902853627,37,0,0.388652837,4000.0,6,0,0,0,0.0,0
0.215174417,66,0,1914.0,,9,0,1,0,1.0,0
1.584717608,43,2,0.163472755,6000.0,5,0,0,0,1.0,1
0.091439518,47,0,0.529063425,6416.0,8,0,2,0,2.0,0
0.305709842,26,0,0.69783488,4202.0,11,0,3,0,3.0,0
0.42106389,60,0,0.335373941,9800.0,9,0,1,0,0.0,0
0.48410106,34,0,0.342573438,4833.0,3,0,1,0,3.0,0
0.183095507,45,0,0.79128727,5600.0,11,0,2,0,1.0,0
0.03522305,53,0,0.598850287,4000.0,8,0,1,0,2.0,0
0.618879692,56,0,0.326722773,12000.0,20,0,1,0,1.0,0
0.9999999,58,1,0.083127165,2020.0,2,2,0,0,0.0,0
0.738564413,63,1,0.315473857,43356.0,37,0,6,0,0.0,0
0.790515791,51,0,0.15921935,13270.0,8,0,1,0,2.0,0
0.275753364,44,0,0.3767495,3500.0,6,0,0,0,3.0,0
0.170087074,54,0,0.383269455,6000.0,6,0,1,0,4.0,0
0.830475806,60,0,0.365558912,11584.0,20,0,1,0,0.0,0
0.000177776,33,0,0.420225682,7000.0,14,0,2,0,2.0,0
0.166240828,59,0,0.41705037,7166.0,25,0,2,0,1.0,0
0.293676581,25,0,0.049937578,800.0,3,0,0,0,0.0,0
0.0,55,0,0.352353186,2400.0,4,0,0,0,1.0,0
0.144668886,66,0,0.107910302,23500.0,7,0,1,0,2.0,0
0.081996511,74,0,57.0,,3,0,0,0,0.0,0
0.403641166,52,0,509.0,,7,0,1,0,0.0,0
0.003376892,45,0,0.784575982,3513.0,7,0,2,0,0.0,0
0.425414365,65,1,0.384850025,5900.0,10,0,2,0,1.0,0
0.557425135,72,1,0.254579279,13975.0,9,0,1,0,2.0,0
0.930232558,45,0,0.029328445,6000.0,2,1,0,0,2.0,1
0.040890581,36,0,0.256752175,8848.0,7,0,2,0,2.0,0
0.155844156,23,0,0.382308846,666.0,2,0,0,0,0.0,0
0.013566873,43,0,1899.0,,13,0,1,0,1.0,0
0.03412815,39,0,0.096040113,7777.0,11,0,0,0,3.0,0
0.068390881,57,0,3234.0,,6,0,1,0,0.0,0
0.017234142,74,0,0.004760771,4200.0,9,0,0,0,0.0,0
0.439576293,39,0,0.45800336,8333.0,10,0,2,0,0.0,0
0.934383202,42,0,38.0,,2,1,0,0,0.0,1
0.577039527,67,0,0.860027994,5000.0,9,0,2,0,0.0,0
0.041304401,28,0,0.089899713,5583.0,10,0,0,0,0.0,0
0.097085845,46,0,0.386829613,9900.0,7,0,1,0,4.0,0
0.379835405,72,0,0.346915017,5153.0,22,0,1,0,0.0,0
0.000109889,66,0,0.640727545,5332.0,14,0,2,0,0.0,0
0.639145584,29,1,0.251874479,3600.0,4,0,0,0,0.0,0
0.437728114,61,0,0.354546159,12900.0,10,0,2,1,0.0,0
0.126994228,64,0,0.187633262,4689.0,4,0,1,0,1.0,0
0.099184002,71,0,426.0,,3,0,1,0,0.0,0
0.051675866,50,0,0.061903463,11000.0,7,0,0,0,5.0,0
0.002998522,56,0,0.415922619,5375.0,8,0,2,0,0.0,0
0.118515259,45,0,0.384794234,4300.0,4,0,1,0,2.0,0
0.9999999,74,0,0.006662225,1500.0,0,3,0,0,0.0,1
0.619100904,46,0,2338.0,,11,0,0,0,0.0,0
0.22667321,41,0,0.317613731,6000.0,7,0,0,0,1.0,0
0.0,34,0,66.0,,13,0,0,0,0.0,0
0.836294416,53,0,0.025412088,1455.0,3,0,0,0,0.0,0
0.789779363,75,0,0.50780762,1600.0,16,0,0,0,0.0,1
0.9999999,58,0,0.264071541,1900.0,2,0,0,0,0.0,0
0.207017756,74,0,0.012239021,8333.0,9,0,0,0,0.0,0
0.818037487,27,0,0.417116577,5000.0,9,0,0,0,0.0,0
0.762902993,40,0,0.223555289,5000.0,4,0,0,0,3.0,0
0.049361313,44,0,0.379393146,4580.0,9,0,2,0,0.0,0
0.059077637,33,0,0.828213052,5500.0,6,0,2,0,0.0,0
0.261815829,42,0,0.487040134,7175.0,7,0,2,0,2.0,0
0.002111625,65,0,5.0,,6,0,0,0,0.0,0
0.054410164,35,0,0.415226396,7000.0,9,0,1,0,1.0,0
0.668992809,28,0,0.412044751,4200.0,9,0,1,0,0.0,1
0.004281873,32,0,0.275473934,3375.0,3,0,1,0,0.0,0
0.803532745,67,0,0.215268761,3850.0,3,0,1,0,0.0,0
0.9999999,36,0,0.0,8000.0,1,1,0,1,2.0,0
0.39333265,33,1,0.849643423,5047.0,18,0,2,0,2.0,0
0.061687518,53,1,1309.0,,10,0,1,0,5.0,0
0.003804692,73,0,0.015969803,3443.0,4,0,1,0,0.0,0
0.120996383,52,0,0.269384138,6770.0,8,0,2,0,2.0,0
1.212624585,36,1,0.356738769,3004.0,5,4,0,2,1.0,0
0.006099085,27,0,0.000560643,5350.0,3,0,0,0,1.0,0
0.0,30,0,0.18582996,2469.0,4,0,0,0,1.0,0
1.004666494,56,0,0.418753238,5790.0,7,0,2,0,0.0,0
0.121023534,60,1,0.568502503,6590.0,11,0,2,0,0.0,0
0.444426316,50,0,0.186545286,6480.0,8,0,0,0,2.0,0
0.0,33,0,0.610169492,2300.0,9,0,1,0,3.0,0
0.06164696,53,0,0.004635942,11000.0,2,0,0,0,0.0,0
0.587179948,45,2,0.528596187,7500.0,11,0,2,0,3.0,0
0.29376334,42,0,0.419008525,9500.0,11,0,2,0,0.0,0
0.553878387,45,0,0.41241408,4800.0,10,0,1,0,0.0,0
0.001913839,84,0,0.038314176,260.0,17,0,0,0,0.0,0
0.711288711,23,0,0.323914542,1450.0,3,0,0,0,0.0,0
0.251759129,40,0,0.575945946,3699.0,4,0,1,0,1.0,0
0.02296626,58,0,2583.0,,12,0,2,0,0.0,0
0.784055179,58,0,0.538957117,9933.0,12,0,4,0,1.0,0
0.00492232,54,0,0.148564094,6232.0,7,0,1,0,1.0,0
0.9999999,31,98,0.0,,0,98,0,98,0.0,0
0.558977641,59,0,0.700117142,2560.0,6,0,1,0,0.0,0
0.40932307,48,0,0.263312987,4750.0,12,0,1,1,1.0,0
0.064080303,55,0,0.180349576,3775.0,8,0,1,0,0.0,0
0.61295285,49,0,1796.0,,5,0,1,0,0.0,0
0.005722219,53,0,0.000799929,11250.0,7,0,0,0,3.0,0
0.886165753,50,0,0.058800848,5186.0,3,0,0,0,0.0,0
0.229120306,47,0,0.460725507,3500.0,7,0,1,0,2.0,0
0.121185719,63,0,0.199955565,4500.0,13,0,1,0,0.0,0
0.033684619,78,0,46.0,,8,0,0,0,0.0,0
0.279412171,39,0,0.100318471,3139.0,4,0,0,0,4.0,0
0.832055981,47,6,1.615263572,1270.0,13,0,2,0,1.0,0
0.528274422,52,0,0.821950071,2122.0,6,0,2,0,2.0,0
0.50009998,34,0,0.211071821,8200.0,3,0,1,0,0.0,0
0.9999999,26,0,0.11265545,4100.0,1,0,0,0,0.0,0
0.497363796,28,0,679.0,,3,0,0,0,,0
0.454821807,53,1,0.439746612,6787.0,8,0,2,0,2.0,0
0.644635132,51,0,0.329279827,7400.0,11,0,2,0,1.0,0
0.269668574,36,0,0.50583139,3000.0,6,0,1,0,1.0,0
0.858156028,31,2,0.15390163,6932.0,4,0,0,1,0.0,1
0.999724214,47,1,0.486802112,6250.0,4,5,1,2,3.0,0
0.311684416,48,0,0.753678694,4960.0,5,0,2,0,1.0,0
0.123207095,38,0,0.199823555,6800.0,3,0,1,0,0.0,0
0.2578356,50,0,0.224282817,3450.0,7,0,0,0,1.0,1
0.021524611,49,0,0.336984872,5750.0,10,0,2,0,3.0,0
0.460778822,56,0,0.447963801,4198.0,9,0,2,0,0.0,0
0.278537028,53,0,0.060911591,12000.0,12,0,0,0,1.0,0
0.170542332,48,0,0.279053338,2830.0,7,0,1,0,2.0,0
0.009201143,35,0,0.291441298,22000.0,19,0,4,0,2.0,0
0.11425397,60,0,1.167466575,5833.0,10,0,1,0,0.0,0
0.002816212,51,0,3143.0,,8,0,1,0,0.0,0
0.038909043,67,0,0.18683579,2916.0,9,0,1,0,0.0,0
0.005768787,65,0,0.157150528,5586.0,2,0,1,0,0.0,0
0.043287642,55,0,0.206326315,10400.0,13,0,1,0,2.0,0
0.9999999,39,0,0.118577075,4300.0,1,0,0,0,4.0,0
0.022366805,37,0,0.051206037,7420.0,8,0,0,0,1.0,0
0.000518126,59,0,0.144460788,12916.0,12,0,1,0,1.0,0
0.031854868,77,0,0.36476326,4920.0,11,0,2,0,0.0,0
0.265544578,46,0,0.473830243,7928.0,7,0,2,0,2.0,0
1.013289037,38,0,0.002367798,3800.0,1,0,0,0,0.0,1
0.00669933,29,0,2.0,,2,0,0,0,,0
0.630262458,42,0,0.882008155,3923.0,8,0,1,0,3.0,0
0.814582054,33,0,1.049916007,4166.0,8,0,1,0,0.0,0
0.125473787,52,0,0.585416308,5800.0,13,0,1,0,3.0,0
0.000146786,83,0,0.139577039,1654.0,6,0,1,0,0.0,0
0.220845094,70,0,0.091779159,14000.0,20,0,0,0,0.0,0
0.106746043,62,0,0.306923269,4000.0,14,0,1,0,0.0,0
0.038332725,64,0,0.018968457,4691.0,6,0,0,0,0.0,0
0.0,67,0,69.0,,5,0,0,0,0.0,0
0.002418492,43,0,0.056323946,6000.0,3,0,0,0,0.0,0
0.509471696,24,0,0.179318963,3200.0,6,0,0,0,0.0,0
0.112147096,58,1,2392.0,,23,0,4,0,,1
0.434537113,55,0,0.248511678,6550.0,6,0,1,0,2.0,0
0.019621091,40,0,0.192389594,10800.0,9,0,2,0,1.0,0
0.454359518,25,0,199.0,,9,0,0,0,0.0,0
0.009415887,59,0,0.008650519,1733.0,13,0,0,0,0.0,0
0.002439507,68,0,0.252099832,8333.0,9,0,1,0,0.0,0
0.413721961,58,1,0.384524559,12703.0,17,0,2,0,0.0,0
0.150428441,60,0,2476.0,,11,0,2,0,0.0,0
0.990230259,50,5,0.265716785,8000.0,12,0,0,0,0.0,1
0.040582079,32,0,0.589852537,4000.0,6,0,2,0,1.0,0
0.1766439,62,0,0.394612608,3600.0,8,0,1,0,0.0,0
0.047878396,65,0,107.0,,5,0,1,0,0.0,0
0.066833664,57,0,0.830774152,3125.0,29,0,2,0,1.0,0
0.172091683,60,0,1198.0,,10,0,1,0,0.0,0
0.166924597,55,0,4957.0,,6,0,2,0,2.0,0
0.9999999,70,0,703.0,,1,1,1,0,0.0,0
0.054760771,56,0,0.727818045,4000.0,5,0,1,0,0.0,0
0.100968913,77,0,0.346706662,8000.0,14,0,2,0,0.0,0
0.479394888,43,0,0.033325928,4500.0,11,0,0,0,1.0,0
0.062210236,38,0,0.308714919,8800.0,8,0,2,0,0.0,0
0.016296707,75,0,0.626829854,4166.0,10,0,2,0,0.0,0
0.0,27,0,519.0,,4,0,0,0,0.0,0
0.070528631,74,0,0.010923185,2837.0,2,0,0,0,0.0,0
0.139011729,34,0,0.161655712,7150.0,7,0,1,2,0.0,1
0.031794732,85,1,0.60516129,1549.0,7,0,1,0,0.0,0
0.535689375,76,0,0.075219197,6500.0,7,0,0,0,0.0,1
0.0,59,0,913.0,,12,0,1,1,1.0,0
0.813134673,62,0,0.574589088,16000.0,20,0,3,0,1.0,0
0.424063604,49,0,0.235553379,6125.0,14,0,0,0,2.0,0
0.943760013,56,0,0.24390507,9269.0,10,1,1,3,0.0,0
0.0,45,0,2387.0,,12,0,1,0,0.0,0
0.075727857,43,0,0.071130975,13200.0,3,0,1,0,3.0,0
0.212335483,75,0,0.514217861,16000.0,19,0,5,0,0.0,0
0.034199023,76,0,0.332977873,3750.0,6,0,1,0,0.0,0
0.0,56,0,2097.0,,12,0,1,0,0.0,0
0.061176865,38,0,0.127687231,10000.0,13,0,0,0,0.0,0
0.9999999,26,98,0.0,2000.0,0,98,0,98,0.0,0
0.12972578,39,1,0.017012386,6700.0,13,0,0,0,0.0,0
0.060478954,70,0,0.042526182,3150.0,3,0,0,0,0.0,0
0.051083845,61,0,0.270149729,18833.0,12,0,3,0,1.0,0
0.401239167,56,0,0.201838696,16750.0,13,0,2,0,2.0,0
0.490392126,29,4,0.292019347,3307.0,9,0,0,0,2.0,0
0.141165512,37,1,0.656255164,6050.0,15,0,2,0,0.0,0
0.046137905,79,0,0.342457193,8000.0,13,0,1,0,0.0,0
0.9999999,64,0,0.0,5000.0,2,0,0,0,0.0,0
0.656124777,76,0,0.175533885,8100.0,10,0,1,0,1.0,0
0.293505433,26,0,610.0,,9,0,0,0,0.0,0
0.04778136,50,0,0.611679939,2636.0,8,0,1,0,1.0,0
0.009190462,80,0,1631.0,,20,0,2,0,0.0,0
0.9999999,57,0,4189.0,,3,0,2,0,0.0,0
0.057189679,63,0,4409.0,,15,0,4,0,0.0,0
0.138431305,46,1,0.484631453,3350.0,17,0,2,0,2.0,0
0.831646044,49,1,0.310229923,3000.0,3,2,0,0,0.0,1
0.060791732,64,0,0.139513218,8586.0,8,0,1,0,0.0,0
0.124187581,62,0,1285.0,,3,0,1,0,2.0,0
0.198790608,49,0,0.568181818,3299.0,10,0,1,0,0.0,0
0.27890233,47,0,0.365612049,9892.0,15,0,2,0,2.0,0
0.06311711,71,0,463.0,,3,0,0,0,0.0,0
0.075683215,62,0,0.153693656,9583.0,7,0,1,0,2.0,0
0.156669246,56,0,0.385285824,3900.0,15,0,1,0,0.0,0
0.9999999,60,0,0.282543491,5000.0,7,0,2,0,0.0,0
0.0,40,1,0.697120329,5833.0,10,0,2,0,2.0,0
0.9999999,70,0,107.0,,0,0,0,2,0.0,0
0.0,43,0,0.494346589,13000.0,12,0,2,0,3.0,0
0.040339651,63,1,1704.0,,9,0,2,0,0.0,0
0.035745388,71,0,2769.0,,13,0,2,0,1.0,0
0.003597353,46,0,0.159693687,5353.0,10,0,1,0,0.0,0
0.059019599,40,0,0.335375973,7832.0,9,0,1,0,0.0,0
0.56967776,56,0,0.152099753,8500.0,8,0,0,0,1.0,0
0.173714183,34,0,0.63984004,4000.0,9,0,2,0,1.0,0
0.61914955,67,0,4930.0,,14,0,2,0,0.0,0
0.068819481,48,0,0.432624113,1832.0,4,0,0,0,0.0,0
0.03521196,52,0,2507.0,,10,0,2,0,0.0,0
0.918351453,42,0,0.2664978,7500.0,7,0,2,0,1.0,0
0.9999999,47,0,0.346636674,13780.0,5,0,3,0,3.0,0
0.657666545,43,0,0.408327334,8333.0,15,0,1,0,2.0,0
0.177512447,67,0,0.497113083,7100.0,25,0,3,0,1.0,0
0.0,57,0,0.384087987,7000.0,11,0,1,0,0.0,0
0.124479253,43,0,0.297271191,4140.0,4,0,1,0,4.0,0
0.002209251,73,0,1.602339181,170.0,10,0,0,0,0.0,0
0.198212105,40,0,0.191758466,2450.0,8,0,0,0,0.0,0
0.951116543,46,1,0.488734353,3594.0,12,0,2,0,0.0,0
0.9999999,49,0,0.008424081,9733.0,0,0,0,0,1.0,0
0.091444238,31,0,0.236610331,4200.0,6,0,1,0,0.0,0
0.200765799,61,0,0.120279276,3150.0,15,0,0,0,0.0,0
1.323274236,41,1,0.329169269,1600.0,8,0,0,2,2.0,1
0.053744044,42,0,915.5,1.0,4,0,1,0,3.0,0
0.047385778,72,0,0.134935305,540.0,5,0,0,0,0.0,0
0.409324787,46,0,0.3255,5999.0,13,1,1,0,2.0,0
0.667444419,59,0,0.362637894,20667.0,9,0,4,0,1.0,0
0.846555097,28,0,0.609770688,5014.0,9,0,2,1,0.0,1
0.000925289,70,0,0.000327261,9166.0,10,0,0,0,0.0,0
0.0,59,0,1226.0,,8,0,1,0,0.0,0
0.125764833,55,0,0.158586925,10416.0,12,0,2,0,0.0,0
0.658201327,63,0,0.524534687,6500.0,8,0,1,0,1.0,0
0.152730614,39,0,0.126774645,5000.0,6,0,0,0,0.0,0
0.265166758,34,0,0.283097419,1200.0,8,0,0,0,0.0,0
0.98920216,39,1,0.406918616,5000.0,6,0,1,0,2.0,0
0.035807749,70,0,49.0,,3,0,0,0,0.0,0
0.161759353,49,0,0.37183578,4700.0,7,0,1,0,0.0,0
0.510147495,65,0,0.688958009,4500.0,20,0,1,0,1.0,0
0.035629338,60,0,0.537849007,9920.0,13,0,2,0,2.0,0
0.403603965,66,0,0.506141103,3500.0,15,0,0,0,0.0,0
0.026069485,70,0,2673.0,,11,0,2,0,0.0,1
0.001103183,73,0,446.0,,8,0,0,0,0.0,0
0.9999999,47,0,0.309569685,4670.0,5,0,1,0,3.0,0
0.005094995,45,0,0.47742043,6000.0,7,2,3,0,2.0,1
0.239047593,58,0,0.017548507,15100.0,6,0,0,0,1.0,0
0.592670916,54,0,0.515259985,10615.0,11,0,3,0,2.0,0
0.9999999,69,0,0.152376033,1935.0,2,0,0,0,0.0,0
0.436735636,44,0,0.337155046,7500.0,5,0,2,0,2.0,0
0.040120166,58,0,0.400134801,4450.0,16,0,2,0,1.0,0
0.02956792,59,0,0.219075349,11333.0,9,0,2,0,2.0,0
0.340757932,67,0,5127.0,,5,0,1,0,0.0,0
0.001081365,55,0,0.336132773,5000.0,22,0,2,0,0.0,0
0.9999999,39,0,0.0,1500.0,0,0,0,0,5.0,0
0.203220348,62,0,0.092508798,5966.0,4,0,1,0,1.0,0
0.000314954,62,0,1149.0,,8,0,1,0,0.0,0
0.058886708,48,0,2443.0,,9,0,1,0,0.0,0
0.028380123,39,0,2188.0,,9,0,1,0,0.0,0
0.9999999,87,0,100.0,,0,0,0,0,,0
0.517956837,63,0,1.115295926,1300.0,6,0,0,0,0.0,0
0.031310449,73,0,0.991871492,5166.0,9,0,2,0,1.0,0
0.035360381,39,0,0.564487103,5000.0,9,0,1,0,0.0,0
0.227372063,61,0,0.219982259,12400.0,8,0,1,0,4.0,0
0.0,38,0,0.514414264,6000.0,6,0,4,0,1.0,0
0.052502651,37,0,1439.0,,10,0,1,0,0.0,0
0.001129736,40,0,0.181884146,8268.0,6,0,1,0,1.0,0
0.9999999,34,0,0.008733624,2747.0,0,1,0,0,4.0,0
0.69602938,57,1,0.79952644,3800.0,15,0,2,0,0.0,0
0.012707804,49,0,0.154832223,7956.0,2,0,1,0,0.0,0
0.767459476,44,1,0.216091245,12975.0,8,0,2,0,0.0,0
0.096748132,81,0,14.0,,5,0,0,0,,0
0.018629772,62,0,1460.0,,9,0,1,0,0.0,0
1.248751249,33,0,0.175120326,2700.0,3,2,0,0,0.0,1
0.054904308,66,0,111.0,,7,0,0,0,0.0,0
0.562453129,41,0,0.378017005,14583.0,6,0,1,0,1.0,0
0.002497074,39,0,0.183925049,6083.0,8,0,1,0,2.0,0
0.35924524,29,0,0.498334444,1500.0,5,0,0,0,0.0,0
0.181936428,37,0,0.326243069,11000.0,9,0,1,0,5.0,1
0.618206942,45,0,3686.0,,8,0,1,0,0.0,0
0.9999999,70,0,0.058852868,2004.0,1,0,0,0,0.0,0
0.9999999,48,0,0.0,1000.0,0,0,0,0,0.0,0
0.031461335,26,0,0.007821229,894.0,2,0,0,0,0.0,0
0.356537469,38,0,0.432087675,5565.0,8,0,1,0,2.0,0
0.11519424,58,0,0.460179968,11890.0,6,0,5,0,1.0,0
0.0,48,0,0.208279763,11666.0,8,0,1,0,3.0,0
0.101426196,48,1,0.661961288,9350.0,9,0,1,0,0.0,0
0.0,31,0,0.707675849,3738.0,5,0,1,0,0.0,0
0.0,42,0,0.0,,7,0,0,0,0.0,0
0.999917266,42,0,0.408896144,4900.0,4,0,1,1,3.0,1
0.968712804,51,0,4083.0,,11,0,1,0,1.0,0
0.583635409,74,1,0.166138977,6000.0,3,0,0,0,1.0,0
0.40501727,30,0,0.182981702,10000.0,8,0,2,0,0.0,0
0.610567515,49,0,0.781292985,2180.0,5,0,1,0,0.0,0
0.026423065,58,0,0.085190264,5833.0,18,0,0,0,0.0,0
1.048689139,34,1,984.0,,8,1,0,3,2.0,1
0.00059988,30,0,675.0,,4,0,0,0,0.0,0
0.928735,48,0,3475.0,,12,0,2,0,0.0,0
0.026855225,44,0,0.003141959,3500.0,4,0,0,0,1.0,0
0.692269233,27,0,1.11372549,764.0,8,0,0,0,0.0,0
0.352677702,63,0,0.555670458,2900.0,5,0,1,0,0.0,0
0.091636335,72,0,0.849607183,890.0,2,0,0,0,0.0,0
0.372050873,60,0,0.417325465,8980.0,6,0,1,0,0.0,0
0.308970568,34,0,887.0,,4,0,0,0,0.0,0
0.467479789,44,0,0.553868937,2700.0,8,0,2,0,0.0,0
0.036535651,61,0,0.121187801,1245.0,6,0,1,0,0.0,0
0.099190841,57,0,0.604398743,3500.0,9,0,2,0,0.0,0
0.186977875,25,0,0.157460635,4000.0,4,0,0,0,0.0,0
0.049122874,48,0,0.489754098,7807.0,11,0,2,0,1.0,0
0.165041515,58,0,0.311875152,4100.0,18,0,1,0,1.0,0
0.048779313,65,0,0.505492648,11833.0,14,0,5,0,1.0,0
0.031366707,32,0,0.280456195,5786.0,11,0,0,0,4.0,0
0.210621011,33,0,0.590081984,5000.0,11,0,2,0,0.0,0
0.004999833,67,0,0.134522263,25400.0,8,0,1,0,0.0,0
0.0,45,0,0.683431657,10000.0,8,0,2,0,0.0,0
0.768174317,61,1,0.419950579,7688.0,18,0,2,0,1.0,0
0.004552019,63,0,0.282588191,5300.0,9,0,1,0,1.0,0
0.358729316,49,0,0.254877281,4766.0,11,0,1,0,2.0,0
0.108635655,48,0,5774.0,,9,0,5,0,0.0,0
0.531657891,52,0,2926.0,,4,0,2,0,0.0,0
0.406118257,44,0,0.344328238,8700.0,11,0,1,0,2.0,0
0.64823451,46,0,1.374787053,1760.0,13,0,1,0,1.0,0
0.072662674,35,0,1351.0,,7,0,1,0,0.0,0
0.226837169,68,0,0.241310351,10500.0,12,0,1,0,0.0,0
0.012058587,74,0,0.020989505,2000.0,3,0,0,0,0.0,0
0.0,54,0,1958.0,,14,0,1,0,0.0,0
0.024997223,58,0,0.001290045,4650.0,2,0,0,0,0.0,0
0.134076034,60,0,0.241539654,3870.0,7,0,0,0,0.0,0
0.549525197,48,4,0.744913382,8600.0,21,0,2,1,3.0,1
0.008158998,63,0,0.45067362,2300.0,16,0,1,0,0.0,0
0.596745314,64,0,0.353682316,20000.0,22,0,2,0,1.0,0
0.130339636,77,0,0.210344165,5200.0,19,0,2,0,1.0,0
0.006825298,51,0,0.148077448,7333.0,7,0,1,0,0.0,0
0.0,60,0,2956.0,,6,0,2,0,0.0,0
0.500761615,57,0,0.250480685,5720.0,6,0,1,0,0.0,0
0.329527589,31,1,0.182891426,15500.0,12,0,2,0,3.0,0
0.829032978,54,0,0.512720157,8175.0,12,0,4,0,0.0,0
0.031105059,72,0,0.191965097,5500.0,6,0,1,0,0.0,0
0.790138193,44,1,5159.0,,14,0,2,0,0.0,0
0.008851524,67,0,0.007822686,2300.0,3,0,0,0,0.0,0
0.0,34,0,0.211033996,8500.0,15,0,1,0,0.0,0
0.101072826,69,0,0.552257657,3166.0,14,0,1,0,0.0,0
0.075056906,63,1,0.025444766,4833.0,10,0,0,0,1.0,0
0.043243483,65,0,57.0,,7,0,0,0,0.0,0
0.006194272,94,0,0.001530222,3920.0,4,0,0,0,0.0,0
0.242546858,39,0,0.368667186,8980.0,9,0,2,0,1.0,0
0.005699858,64,0,302.0,,2,0,0,0,0.0,0
0.202612523,41,0,0.12455516,13487.0,4,0,1,0,1.0,0
0.081523138,55,0,4.094311377,667.0,8,0,2,0,0.0,0
0.662126872,65,1,0.365772371,6000.0,11,0,1,0,0.0,0
0.783216783,23,0,0.028014616,820.0,2,0,0,0,0.0,0
0.670697266,57,0,0.483442395,10085.0,13,0,3,0,1.0,0
0.030479501,72,0,0.236148579,4818.0,9,0,1,0,0.0,0
0.9999999,82,0,0.0,,0,0,0,0,0.0,0
0.069958183,64,0,103.0,,10,0,0,0,0.0,0
0.044101829,49,0,0.468616815,5161.0,12,0,2,0,0.0,0
0.344327836,38,0,0.00294083,8500.0,3,0,0,0,0.0,0
0.0,63,0,0.029291056,48000.0,9,0,1,0,1.0,0
0.9999999,22,0,0.033305579,1200.0,0,0,0,0,0.0,0
0.069138298,46,1,0.434596855,11000.0,12,0,1,0,0.0,0
0.204802566,47,1,0.412541961,14000.0,14,0,3,0,2.0,0
0.556523508,41,0,0.399074404,5617.0,8,0,1,0,4.0,0
0.32196387,60,0,0.385407559,10292.0,9,0,2,0,1.0,0
0.816819317,57,0,0.41982891,4558.0,8,0,1,0,1.0,1
0.231158308,34,0,3746.0,,10,0,3,0,2.0,0
0.843332865,32,5,1618.0,,23,0,0,0,,1
0.055088819,39,0,0.30842164,3585.0,14,0,1,0,0.0,0
0.357988383,35,1,0.8005997,2000.0,10,0,2,0,2.0,0
0.029438636,83,0,10.0,,1,0,0,0,0.0,0
0.098647281,53,0,396.0,,3,0,0,0,0.0,0
0.935339222,52,0,2.203197868,1500.0,4,0,1,0,2.0,0
0.9999999,63,0,0.0,,4,0,0,0,0.0,0
0.265162315,32,1,0.191582003,6200.0,10,0,0,0,0.0,0
0.005958225,70,1,1947.0,0.0,21,0,2,0,0.0,0
0.965172471,32,0,0.764705882,1750.0,5,0,1,2,1.0,1
0.405659434,47,0,0.350004418,11316.0,5,0,2,0,1.0,0
0.302630587,66,1,1350.0,,16,0,1,0,0.0,0
0.9999999,50,2,2657.0,,10,0,2,0,0.0,0
0.09660391,43,0,0.393814158,7500.0,14,0,1,0,3.0,0
0.9999999,65,0,2916.0,,2,0,1,0,0.0,0
0.06419666,46,0,1.17989418,1700.0,9,0,1,0,0.0,0
0.07090577,73,0,0.285319834,4345.0,10,0,1,0,1.0,0
0.008971124,41,0,0.000444346,4500.0,2,0,0,0,1.0,0
0.071012349,61,0,0.287489362,5874.0,24,0,1,0,0.0,0
0.011253032,44,0,0.103675261,7291.0,4,0,1,0,1.0,0
0.9999999,46,0,1.212837838,295.0,2,0,0,0,0.0,0
0.090382554,46,0,998.0,,6,0,1,0,0.0,0
0.037584197,49,0,0.857035741,4000.0,15,0,2,0,1.0,0
0.135675333,44,0,0.431160552,16000.0,15,0,1,1,0.0,0
0.0,53,0,0.714855434,7020.0,12,0,3,0,1.0,0
0.041652244,41,0,0.278875126,5973.0,7,0,2,0,2.0,0
0.362790432,48,1,0.627199338,4830.0,9,0,2,0,0.0,0
0.053379877,70,0,0.215928024,3000.0,4,0,1,0,0.0,0
0.860856752,65,0,0.113488862,5700.0,4,0,0,0,1.0,0
1.100789921,42,0,0.119356351,6400.0,2,0,0,0,2.0,0
0.005852865,45,0,0.135733033,8000.0,11,0,1,0,0.0,0
0.029339746,43,0,0.159788868,4167.0,6,0,1,0,3.0,0
0.907610398,58,0,1386.0,,8,0,0,0,0.0,0
0.209663881,58,0,0.253262983,3600.0,8,0,1,0,0.0,0
0.273894237,68,0,0.242774566,4497.0,5,0,0,0,0.0,0
0.874971807,54,3,0.588711855,3702.0,15,1,1,1,2.0,0
0.9999999,24,98,0.0,1100.0,0,98,0,98,0.0,1
0.083832335,29,0,0.00049975,2000.0,1,0,0,0,0.0,0
0.025035714,52,0,2664.0,0.0,12,0,4,0,2.0,0
0.9999999,56,0,0.416516697,5000.0,2,1,1,0,0.0,1
0.166135478,38,0,0.490431305,3500.0,10,0,1,0,0.0,0
0.191001932,54,0,0.705627706,5081.0,10,0,2,0,2.0,0
0.191823302,33,0,0.246696665,14000.0,8,0,1,0,0.0,0
0.684605914,52,0,0.826488233,4333.0,18,0,1,0,3.0,0
0.042725228,35,0,0.671949287,4416.0,9,0,2,0,0.0,0
0.010873244,71,0,0.00619876,5000.0,13,0,0,0,0.0,0
0.9999999,34,0,0.39869281,7343.0,8,0,1,0,1.0,0
0.263167292,35,0,0.317128578,2200.0,5,0,0,0,0.0,0
0.041247965,42,0,0.358473317,8750.0,12,0,2,0,1.0,0
0.051838618,56,0,0.371204701,4083.0,10,0,1,0,0.0,0
0.047082907,49,0,1240.0,,4,0,1,0,0.0,0
0.148070994,66,0,0.261942052,5107.0,5,0,1,0,0.0,0
1.021932654,62,0,0.282202267,6792.0,6,0,2,1,1.0,0
0.176329468,57,1,0.084251265,3358.0,4,1,0,1,1.0,0
0.185304078,63,0,0.311879568,9166.0,12,0,1,0,1.0,0
0.57711687,55,0,0.323486683,8259.0,17,0,1,0,1.0,0
0.256642225,46,0,80.0,,2,0,0,0,0.0,0
0.235063745,33,0,0.169200906,3090.0,9,0,0,0,0.0,0
0.059618536,58,0,0.317207885,10500.0,7,0,1,0,0.0,0
0.059157634,48,0,0.547671268,7750.0,7,0,2,0,4.0,0
0.006959443,88,0,272.0,,3,0,0,0,0.0,0
0.007323901,59,0,1590.0,0.0,26,0,1,0,0.0,0
0.362942902,44,0,0.443978603,6916.0,10,0,1,0,3.0,0
0.01754386,64,2,3155.0,,11,0,3,1,0.0,1
0.167504459,49,0,0.447710458,5000.0,8,0,2,0,1.0,0
0.784898585,56,0,0.566814323,5417.0,12,0,1,0,0.0,0
0.705765408,34,2,0.161569533,3465.0,5,2,0,0,0.0,0
0.042534634,38,0,0.24735053,5000.0,6,0,1,0,0.0,0
0.507702543,68,0,0.242709893,11350.0,5,0,1,0,1.0,0
0.015645507,65,0,0.012183693,3200.0,5,0,0,0,0.0,0
0.934926627,44,0,0.487391887,8208.0,10,1,2,0,0.0,0
0.000488867,41,0,0.319065274,8900.0,5,0,1,0,3.0,0
0.854067816,39,1,0.225746762,7565.0,5,0,2,0,0.0,0
0.201813117,44,1,0.152587413,7149.0,7,0,0,0,2.0,0
0.017628324,38,0,0.175664096,2333.0,7,0,0,0,0.0,0
0.123819285,70,0,0.401736385,3800.0,7,0,1,0,0.0,0
0.282206544,44,0,0.085936121,17000.0,6,0,1,0,2.0,0
0.241536923,37,0,0.249695196,4100.0,7,0,1,1,2.0,0
0.24966285,48,1,0.147744946,4500.0,8,0,0,0,0.0,0
0.047919391,42,0,0.049700086,3500.0,4,0,0,0,3.0,0
0.059017062,50,0,0.240328507,9253.0,15,0,1,0,1.0,0
0.166975688,54,0,0.344813655,9900.0,6,0,2,0,2.0,0
0.0,68,0,0.0,,3,0,0,0,0.0,0
0.001383604,35,0,0.094758065,7935.0,5,0,0,0,3.0,0
0.039159903,58,0,0.613795402,3000.0,5,0,1,0,0.0,0
0.027418765,59,0,0.004110654,9000.0,7,0,0,0,0.0,0
0.0,65,0,3936.0,,7,0,2,0,0.0,0
0.057331596,84,0,0.029085621,5500.0,7,0,0,0,2.0,0
0.9999999,57,0,0.24739605,12000.0,7,0,1,0,1.0,0
0.373392119,44,0,0.201215395,4442.0,4,0,1,0,4.0,0
0.093863879,51,0,0.058914508,56250.0,11,0,2,0,4.0,0
0.9999999,43,0,95.0,,3,0,0,0,0.0,0
0.183178709,42,0,0.162644416,7789.0,12,0,0,0,2.0,0
0.004480899,73,0,0.000685636,5833.0,7,0,0,0,0.0,0
0.0,34,0,0.364189483,2300.0,7,0,0,0,0.0,0
0.556346236,27,0,0.17888563,3750.0,7,0,0,0,0.0,0
0.276874652,58,0,0.405491819,5316.0,14,0,2,0,1.0,0
0.603622637,75,0,0.537066133,7000.0,12,0,1,0,0.0,0
0.009648599,85,0,33.0,,7,0,0,0,0.0,0
0.123386079,33,0,0.215435869,1800.0,5,0,0,0,0.0,0
1.46506986,37,0,0.219904389,2300.0,5,3,0,2,2.0,1
0.424699118,33,0,0.159229456,4100.0,6,0,0,0,3.0,0
0.19543668,51,0,0.041739565,4000.0,3,0,0,0,0.0,0
0.9999999,41,0,0.153240741,2159.0,5,0,0,0,1.0,0
0.00477237,75,0,0.044207867,11083.0,11,0,1,0,0.0,0
0.072532699,57,0,0.367696702,3850.0,10,0,1,0,0.0,0
0.01519848,55,0,0.003610108,3600.0,3,0,0,0,0.0,0
0.256940878,66,0,0.271096023,4123.0,8,0,0,0,2.0,0
0.04513975,40,0,0.268780348,3500.0,6,0,0,0,0.0,0
0.013207524,41,0,0.006964457,4163.0,9,0,0,0,0.0,0
0.759312034,63,1,0.244748611,7378.0,6,0,1,0,0.0,1
0.9999999,32,0,0.209809264,1100.0,2,0,0,0,1.0,0
0.012191002,48,0,0.540090498,11049.0,19,0,3,0,3.0,0
0.049663428,67,0,0.018192375,15500.0,8,0,0,0,0.0,0
0.708462541,62,1,0.287199053,7600.0,14,0,0,0,0.0,1
0.212047517,64,8,1.079147091,2766.0,10,0,1,2,0.0,0
0.0,38,0,0.408795602,2000.0,11,0,0,0,0.0,0
0.373452153,51,0,0.256078308,3166.0,9,0,0,0,0.0,0
0.000633174,48,0,0.0,6083.0,6,0,0,0,0.0,0
0.01156012,47,0,1803.0,,9,0,1,0,3.0,0
0.9999999,56,1,0.211998572,8400.0,5,4,1,0,0.0,0
0.008866886,72,0,20.0,,7,0,0,0,0.0,0
0.000155552,50,0,0.36654558,5780.0,11,0,1,0,2.0,0
0.072462827,65,0,0.404397069,1500.0,16,0,2,0,0.0,0
0.8697507,29,0,1.033273381,3335.0,10,0,2,0,0.0,0
0.16846381,40,0,0.488694047,6500.0,14,0,2,0,0.0,0
0.163941462,53,0,0.189156935,11730.0,3,0,1,0,0.0,0
0.009357173,40,0,0.547626474,16030.0,19,0,6,0,1.0,0
1.091514143,44,1,0.024487756,2000.0,2,2,0,0,1.0,1
0.672423196,26,2,0.133182418,5300.0,5,1,0,0,0.0,1
0.0,64,0,0.332444593,6000.0,6,0,1,0,0.0,0
0.030611044,40,0,0.497933609,7500.0,13,0,1,0,2.0,0
0.87543344,63,4,5732.0,,14,7,1,0,0.0,1
0.409758965,27,1,0.33247918,1560.0,7,0,0,0,1.0,0
0.096998328,42,0,0.020997375,8000.0,4,0,0,0,2.0,0
0.00499987,46,0,0.264867566,2000.0,11,0,1,0,1.0,0
0.49123345,51,1,5481.0,,11,0,3,0,0.0,0
0.9999999,61,0,263.0,,0,1,0,0,0.0,0
0.277956679,39,0,4090.0,,9,0,2,0,0.0,0
0.092026099,46,0,0.076233901,12500.0,8,0,0,0,2.0,0
0.071984576,35,0,4512.0,,7,0,2,0,0.0,0
0.118121412,37,0,1007.0,1.0,6,0,2,0,1.0,0
0.188461576,74,0,0.781284174,6400.0,23,0,9,0,1.0,0
0.522619681,43,0,0.765046991,5000.0,9,0,1,0,2.0,0
0.072189253,44,1,0.183504148,4097.0,6,0,0,0,2.0,0
0.503069939,49,0,3164.0,,13,0,2,0,2.0,0
0.180815116,39,0,0.222888786,6500.0,6,0,2,0,2.0,0
0.745254745,34,0,0.621168305,1728.0,5,0,0,0,0.0,0
0.2592046,62,1,0.30554374,7052.0,16,0,1,0,1.0,0
0.083800531,34,0,0.560850189,5833.0,13,0,2,0,0.0,0
0.075065841,60,0,1310.0,,10,0,2,0,0.0,0
0.294877369,49,0,0.35758217,15120.0,11,0,3,0,2.0,0
0.035433244,55,0,0.107244638,6666.0,34,0,0,0,0.0,0
0.050167805,71,0,0.048634244,1500.0,10,0,0,0,0.0,0
0.10148102,53,0,0.358586981,4500.0,8,0,1,0,0.0,0
0.36977058,48,0,0.190155739,5200.0,9,0,0,0,2.0,1
0.049319248,52,0,0.190290179,10751.0,6,0,1,2,3.0,0
0.830042489,41,1,0.405998696,4600.0,7,0,1,1,2.0,0
0.63129568,55,1,5225.0,,8,2,2,0,,0
0.000939365,37,0,0.190402133,4500.0,5,0,2,0,1.0,0
0.019465298,54,0,0.00518686,7518.0,7,0,0,0,0.0,0
0.135041124,57,0,0.014170619,17500.0,6,0,0,0,0.0,0
0.005682001,33,0,0.072039801,5024.0,10,0,1,0,1.0,0
0.020573433,49,0,0.237284876,10400.0,10,0,2,0,0.0,0
0.040807642,65,0,2715.0,,4,0,2,0,0.0,0
0.600466511,42,1,0.131108104,6650.0,7,0,0,1,2.0,0
0.710783147,67,1,1102.0,,6,0,1,0,,0
0.0,23,0,0.0,3600.0,1,0,0,0,0.0,0
1.390320884,50,4,769.0,,7,2,0,2,0.0,1
0.011140451,65,0,2084.0,,7,0,1,0,0.0,0
0.052621602,56,0,0.499521073,4175.0,7,0,1,0,0.0,0
0.055963587,60,0,0.210557888,5000.0,8,0,1,0,0.0,0
0.826293427,42,1,0.10996858,3500.0,4,0,0,0,0.0,1
0.31324725,30,0,0.114670177,6836.0,5,0,0,0,1.0,0
1.02456087,46,2,0.211413748,4625.0,9,0,0,0,1.0,0
0.00249975,52,0,0.554276847,15466.0,13,0,6,0,3.0,0
0.129575207,46,0,0.436281859,2000.0,8,0,1,0,1.0,0
0.202002975,43,1,0.118776245,5000.0,6,0,0,1,4.0,0
0.086405994,32,0,471.0,,7,0,0,0,,0
0.015848473,61,0,0.20887698,8583.0,7,0,2,0,0.0,0
0.01675476,76,0,0.005998667,4500.0,3,0,0,0,0.0,0
0.012999133,81,0,426.0,,8,0,1,0,0.0,0
1655.0,37,1,0.250828477,8750.0,9,0,2,0,1.0,0
0.538922156,26,0,0.269700333,900.0,2,0,0,0,2.0,0
0.680828063,40,0,0.172413793,6031.0,7,0,0,0,3.0,0
0.002335548,71,0,0.532487505,2600.0,10,0,2,0,0.0,0
0.0,68,0,0.207803993,1101.0,2,0,0,0,0.0,0
0.162639336,42,0,0.315331759,9313.0,7,0,2,0,3.0,0
0.017849108,70,0,0.15752533,17666.0,12,0,2,0,0.0,0
0.268592524,66,1,0.332916732,6400.0,13,0,1,0,0.0,0
0.860465116,46,0,0.001365587,5125.0,1,0,0,0,0.0,0
0.0,48,0,0.515747375,6000.0,13,0,1,0,0.0,0
0.282246286,41,0,0.13469455,6072.0,4,0,0,0,1.0,0
0.301727992,61,2,0.550543024,3590.0,8,0,2,0,2.0,1
0.115078538,70,0,0.120060428,12576.0,12,0,0,0,1.0,0
0.274204505,82,0,0.406139678,6514.0,13,0,3,0,0.0,0
0.215483871,72,0,0.27882899,2800.0,8,0,1,0,0.0,0
0.009701312,63,0,0.005352645,3175.0,3,0,0,0,0.0,0
0.956906468,30,2,3189.0,,5,0,1,0,0.0,0
0.034384238,84,0,51.0,,10,0,0,0,0.0,0
0.037788479,59,0,3248.0,,14,0,2,0,0.0,0
0.416496918,45,0,0.144329897,6595.0,3,0,0,0,1.0,0
0.9999999,23,98,0.0,,0,98,0,98,,0
0.051582065,69,0,1374.0,0.0,13,0,0,0,0.0,0
0.0,65,0,0.088,11249.0,7,0,1,0,0.0,0
0.01438763,46,0,14.0,,3,0,0,0,0.0,0
0.346653347,35,0,0.288487738,2935.0,5,0,0,0,0.0,0
0.990970655,63,0,0.045477261,2000.0,2,0,0,0,0.0,0
0.363916053,54,0,0.645784738,3000.0,12,0,3,1,1.0,0
0.418435946,46,3,0.636868064,4865.0,14,0,1,0,0.0,0
0.185873578,65,0,0.245780338,25001.0,14,0,2,0,0.0,0
0.511729307,67,1,0.60913029,3000.0,8,1,1,0,0.0,0
0.083880003,53,0,0.199647533,7943.0,8,0,1,0,0.0,0
0.060760595,61,0,2629.0,,11,0,2,0,1.0,0
0.10465277,34,1,1.002903039,5166.0,9,0,1,0,2.0,0
0.633539441,57,0,0.635485511,5900.0,8,0,2,0,0.0,0
0.704804221,47,0,0.396466279,4640.0,12,0,0,0,3.0,0
0.0,46,1,0.269487009,3001.0,2,0,1,0,0.0,0
0.022646007,47,0,0.231442139,4000.0,6,0,0,0,4.0,0
0.003497452,60,1,0.258985059,7428.0,12,0,2,0,0.0,0
1.02360501,65,0,0.876425856,2629.0,5,0,1,0,0.0,0
0.400722628,38,1,0.757978723,2255.0,8,0,1,0,0.0,0
0.862809376,60,4,0.25054989,5000.0,5,1,0,0,1.0,1
0.358856498,40,0,2861.0,,6,0,2,0,0.0,0
0.598570863,53,0,4198.0,,10,0,1,0,3.0,0
0.049547842,63,0,0.332733453,5000.0,12,0,2,0,2.0,0
0.046762741,90,0,0.016994335,3000.0,3,0,0,0,1.0,0
0.051063262,61,0,3037.0,,13,0,2,0,0.0,0
0.647641206,33,0,0.165208499,8800.0,6,0,1,0,0.0,0
0.9999999,54,0,0.027894527,133000.0,6,0,1,0,0.0,0
0.9999999,30,0,0.0,,0,1,0,0,0.0,0
0.14462979,56,0,0.178697876,10167.0,7,0,1,0,2.0,0
0.0,24,0,0.0,2655.0,2,0,0,0,0.0,0
0.003125722,60,0,1582.0,,14,0,1,0,1.0,0
0.334182184,51,0,0.493134249,7500.0,14,0,2,0,1.0,0
0.0,38,0,0.197725284,8000.0,4,0,0,0,2.0,0
0.00524919,78,0,49.0,0.0,9,0,0,0,0.0,0
0.125535684,47,0,0.717047159,6000.0,8,0,2,0,3.0,0
0.0,51,0,0.460359321,6066.0,8,0,2,0,2.0,0
0.9999999,52,0,0.291370863,10000.0,5,0,3,0,0.0,0
0.084535372,67,0,55.0,,5,0,0,0,0.0,0
0.440878968,26,0,549.0,,5,0,0,0,0.0,0
0.103567356,64,0,0.428053586,6344.0,20,0,1,0,2.0,0
0.00934742,80,0,4766.0,,5,0,1,0,0.0,0
0.742649249,32,0,0.455472734,5097.0,6,0,2,0,0.0,0
0.114006992,59,0,2317.0,,5,0,2,0,0.0,0
0.042812701,58,0,0.251052515,4512.0,5,0,2,0,0.0,0
0.004372792,54,0,740.0,,14,0,0,0,0.0,0
0.270909184,27,0,0.080195703,4700.0,9,0,0,0,1.0,0
0.0,27,0,0.112641635,4500.0,9,0,0,0,0.0,0
0.32358656,46,0,3158.0,,7,0,1,0,3.0,0
0.435875787,50,0,0.445692884,10679.0,27,0,2,0,2.0,0
0.535274582,42,0,0.214447978,4401.0,8,0,0,0,1.0,0
0.073525808,74,0,86.0,,2,0,0,0,0.0,0
0.485038057,57,4,1807.0,,8,2,2,0,0.0,1
0.547740602,49,2,0.261043447,5500.0,7,0,1,0,2.0,0
0.9999999,37,2,2146.0,,5,1,1,0,,0
0.0303426,36,0,0.37429917,8917.0,7,0,2,0,0.0,0
0.069412621,62,0,0.049992425,6600.0,8,0,1,0,2.0,0
0.101232621,47,0,0.27759261,10500.0,10,0,1,0,2.0,0
0.952409593,57,0,0.568415829,8060.0,12,0,1,0,1.0,0
0.9999999,35,0,0.194961008,3333.0,2,0,1,0,0.0,0
5.13e-05,35,0,0.312099764,8900.0,17,0,1,0,0.0,0
0.942814444,49,0,0.588039234,10500.0,8,0,1,0,2.0,1
0.319285923,27,0,0.176955761,4000.0,6,0,0,0,2.0,0
0.015659706,77,0,0.006825076,7911.0,15,0,0,0,0.0,0
0.9999999,40,3,0.710764938,4300.0,4,0,1,1,1.0,0
0.009901315,80,0,717.0,,11,0,2,0,0.0,0
0.788448888,51,0,0.844691827,3682.0,7,0,1,0,0.0,0
0.145732533,34,0,0.070185963,1666.0,6,0,0,0,0.0,0
0.386084012,49,0,0.166452387,11666.0,17,0,0,0,3.0,0
0.009220777,43,0,0.163059005,9100.0,12,0,1,0,2.0,0
0.0,84,0,50.0,,4,0,0,0,0.0,0
0.102636305,44,1,0.208485314,10417.0,8,0,2,0,2.0,0
0.102126525,65,0,0.110136902,6500.0,5,0,0,0,3.0,0
0.435873399,35,1,0.378339466,6250.0,7,0,1,0,1.0,0
0.392419045,59,2,0.701660622,5238.0,8,0,2,0,1.0,0
0.868536963,47,1,1.125312448,6000.0,11,0,2,0,1.0,1
0.092429972,25,0,0.168332667,2500.0,9,0,0,0,0.0,0
0.336656657,38,0,0.336523354,7000.0,9,0,1,0,0.0,0
1.274900398,26,0,0.063528432,4800.0,3,1,0,0,0.0,0
0.512280482,41,0,0.480875956,6666.0,7,0,1,0,2.0,0
0.451967027,45,0,0.18006993,4575.0,6,0,0,0,1.0,0
0.038280252,56,0,3693.0,,11,0,2,0,0.0,0
0.0,63,0,551.0,,4,0,0,0,0.0,0
0.70212023,55,1,0.349432476,8633.0,21,0,1,0,1.0,0
0.063926689,67,0,0.244305338,5750.0,5,0,1,0,0.0,0
0.422974785,37,0,1730.0,0.0,6,0,1,0,0.0,0
0.098579055,74,0,0.588186008,2386.0,12,0,1,0,0.0,0
0.007999714,69,0,0.047000195,10233.0,4,0,0,0,0.0,0
1.01885935,39,0,862.0,,7,0,1,0,,0
0.9999999,58,0,0.411006138,14500.0,5,0,1,0,3.0,0
0.9999999,28,0,0.247770069,1008.0,7,6,0,0,0.0,0
0.931431585,46,0,0.109629763,11100.0,8,0,0,0,5.0,0
0.141323912,36,0,0.567266495,3500.0,5,0,2,0,2.0,0
0.720909376,35,1,0.089945503,20000.0,7,0,0,0,1.0,0
0.873607222,34,0,0.127204555,7200.0,4,0,0,0,2.0,0
0.0,79,0,1881.0,,3,0,1,0,0.0,0
0.546019938,48,0,0.624864474,2766.0,12,0,1,0,0.0,0
0.107698955,55,0,0.621196972,7000.0,18,0,2,0,0.0,0
0.26544112,57,0,0.085176934,19300.0,5,0,1,0,0.0,0
0.000716397,65,0,0.518799711,2765.0,6,0,2,0,0.0,0
0.059921676,59,0,0.439417269,8442.0,13,0,2,0,1.0,0
0.004879805,53,0,0.001043115,2875.0,3,0,0,0,3.0,0
0.087120801,66,0,0.368794326,1550.0,9,0,0,0,0.0,0
0.033628804,88,0,0.459180273,3000.0,9,0,1,0,0.0,0
0.151169766,26,0,22.0,,2,0,0,0,0.0,0
0.950012497,23,1,0.137637028,820.0,4,0,0,0,0.0,0
0.010514833,82,0,0.051581262,5912.0,6,0,1,0,0.0,0
0.811402324,26,0,0.266444629,1200.0,2,0,0,0,0.0,0
0.151280062,67,0,4099.0,,9,0,1,0,0.0,0
0.994125566,40,0,1594.0,,9,0,2,0,0.0,0
1.442327884,40,0,0.618848591,7416.0,9,0,1,0,0.0,0
0.0,56,0,0.309665346,9083.0,8,0,2,0,1.0,0
0.749239292,40,2,0.097385032,4435.0,9,0,0,2,1.0,0
0.565143486,27,0,0.063688388,5416.0,2,0,0,0,0.0,0
0.014856665,40,0,5686.0,,12,0,7,0,0.0,0
0.129398447,66,0,0.042218614,11700.0,9,0,1,2,1.0,1
0.028138641,41,0,0.005332741,9000.0,4,0,0,0,1.0,0
0.0,62,0,0.589041096,2700.0,6,0,1,0,0.0,0
0.0,52,0,0.370973713,2700.0,5,0,1,0,1.0,0
0.033673635,49,0,0.107070334,10833.0,6,0,1,0,4.0,0
0.379020198,44,0,0.272514841,15833.0,16,0,2,0,2.0,0
0.389221557,34,1,0.184345282,4100.0,3,2,0,1,0.0,0
0.232908195,53,0,2612.0,,8,0,1,0,4.0,0
0.212616003,48,0,0.327808306,11100.0,8,0,1,0,0.0,0
0.321466563,78,0,0.250999556,2250.0,10,0,0,0,0.0,0
0.0,24,0,0.0,1.0,1,0,0,0,0.0,0
0.068736347,43,0,0.182925266,7800.0,3,0,1,0,2.0,0
0.9999999,35,0,66.0,,0,1,0,0,0.0,1
0.054204594,53,1,0.640047994,7500.0,13,0,3,0,2.0,0
1.027331511,50,1,0.577627772,11406.0,9,0,2,0,0.0,1
0.05267203,65,0,0.138191513,4500.0,12,0,0,0,0.0,0
0.493361606,61,0,0.439127706,6373.0,15,0,1,0,0.0,0
0.824621537,27,0,0.084917851,5416.0,2,0,0,0,0.0,0
0.9999999,45,0,325.0,,2,0,0,0,0.0,0
0.805734075,48,0,0.664075514,1800.0,10,0,0,0,0.0,0
0.809960005,61,0,0.381374089,7000.0,7,0,2,0,1.0,0
0.585885439,59,0,0.316387749,3166.0,19,0,0,0,1.0,0
0.002931274,62,0,5.0,,10,0,0,0,0.0,0
0.156172353,51,0,0.457677116,20000.0,9,0,6,0,3.0,0
0.122294172,43,0,0.417146319,3300.0,19,0,2,0,1.0,0
0.055984915,67,0,0.100415013,11083.0,3,0,1,0,1.0,0
0.077998247,58,0,0.21921871,11800.0,8,0,1,0,2.0,0
0.182837953,47,0,0.115224378,8400.0,11,0,0,0,1.0,0
0.0,61,0,0.191150863,12633.0,8,0,3,0,1.0,0
0.272686613,57,0,0.709732154,8250.0,31,0,2,0,2.0,0
0.086548616,65,2,2602.0,,19,0,2,0,1.0,0
0.148276645,54,1,238.5,1.0,8,0,0,0,1.0,0
0.170520877,27,0,0.100597815,4850.0,11,0,0,0,0.0,0
0.053245275,47,0,0.292470753,10000.0,12,0,2,0,3.0,0
0.704020412,31,0,0.298356875,3468.0,5,0,0,0,0.0,0
0.9999999,28,0,0.048694425,2833.0,2,2,0,1,0.0,1
0.283847647,64,0,0.371710043,6800.0,12,0,1,0,2.0,0
0.040332213,60,0,2507.0,,9,0,1,0,0.0,0
0.009229349,41,1,0.27184769,6407.0,6,5,1,3,2.0,1
0.206381305,29,0,0.296157451,3200.0,6,0,0,1,0.0,0
0.068393955,49,0,0.330114135,6833.0,13,0,1,0,1.0,0
0.030053886,46,1,0.556708885,10500.0,14,1,3,0,2.0,1
0.464992712,63,1,4508.0,,15,0,2,0,,0
0.344106236,48,0,0.375924815,5000.0,3,0,0,0,0.0,0
0.385866292,64,0,0.172689616,7000.0,10,0,0,0,0.0,0
0.517616833,65,0,0.674915938,7434.0,10,0,1,0,0.0,0
0.384844615,55,0,0.769796833,6250.0,21,0,2,0,1.0,0
1.113592,41,3,0.699327395,5500.0,10,2,2,2,2.0,1
0.552236868,47,0,0.132120489,6705.0,7,0,0,0,1.0,0
0.127035558,51,0,0.082412914,3530.0,6,0,0,0,0.0,0
0.0,72,0,10.0,,2,0,0,0,0.0,0
0.9999999,36,3,3539.0,,4,2,2,1,1.0,0
0.105373354,48,3,0.376713433,6200.0,19,0,2,0,2.0,0
0.040219196,67,0,0.303632236,3523.0,8,0,2,0,1.0,0
0.010679197,55,0,0.072963035,10333.0,8,0,1,0,1.0,0
0.121331086,67,0,1.221812029,6500.0,16,0,4,0,0.0,0
0.317346638,54,1,0.291574181,11262.0,13,0,1,0,1.0,0
0.0,58,0,3401.0,,7,0,2,0,0.0,0
0.159371985,62,0,0.227208976,1425.0,9,0,0,0,0.0,0
0.9500998,21,0,0.011656953,1200.0,1,0,0,0,0.0,0
0.03564735,61,0,0.616301798,5115.0,16,0,3,0,0.0,0
0.315653406,47,0,0.310603658,9458.0,7,0,1,0,0.0,0
0.02831317,66,0,0.3174142,11013.0,9,0,2,0,1.0,0
0.325715584,60,1,0.303738769,10350.0,8,0,1,0,0.0,0
0.95530447,43,0,0.258699304,4166.0,3,0,0,0,1.0,0
0.276648223,71,0,1.009406232,1700.0,8,0,1,0,0.0,0
0.843981375,62,1,1.310578106,1625.0,10,0,1,0,0.0,0
0.031457023,66,0,0.052631579,1500.0,5,0,1,0,0.0,0
0.05309991,77,0,0.026986507,2000.0,5,0,0,0,0.0,0
0.121862605,61,0,0.238745896,9440.0,3,0,1,0,2.0,0
0.372820726,57,0,0.456843288,5340.0,9,0,1,0,0.0,0
0.9999999,73,0,0.016053979,4297.0,1,0,0,0,2.0,0
0.906562483,62,2,0.680406213,1673.0,12,0,0,0,0.0,1
0.543464478,43,0,0.577284543,5000.0,8,0,1,0,0.0,0
0.008483779,85,0,0.005197921,2500.0,6,0,0,0,0.0,0
0.066149779,52,0,0.248975102,10000.0,15,0,1,0,2.0,0
0.225144629,47,0,0.294877711,6500.0,11,0,1,0,1.0,0
0.016525483,58,0,3.0,,3,0,0,0,0.0,0
0.043153293,65,0,0.193548387,14166.0,16,0,2,0,0.0,1
0.861776321,64,1,0.363068271,6400.0,10,0,1,0,1.0,0
0.198307754,51,1,0.061750176,2833.0,7,0,0,0,0.0,0
0.259333527,70,0,1039.0,,5,0,0,0,0.0,0
0.9999999,46,1,14.0,,0,2,0,2,0.0,1
0.00489018,75,0,7.0,,5,0,0,0,0.0,0
0.004432279,39,0,1.002497918,1200.0,11,0,2,0,1.0,0
0.1304184,66,0,0.332101717,4600.0,16,0,0,0,0.0,0
0.0,77,0,0.0,,4,0,0,0,0.0,0
0.893712866,53,0,0.49871639,7400.0,8,0,1,0,0.0,0
0.498934829,34,0,0.287493513,1926.0,4,0,0,0,4.0,0
0.9999999,54,0,260.0,,4,3,0,0,1.0,0
0.922738279,62,0,0.27870698,12435.0,15,0,2,0,0.0,0
0.099342868,63,0,0.328220859,5541.0,12,0,2,0,0.0,0
0.050765977,64,0,0.015689894,6500.0,2,0,0,0,3.0,0
0.1401179,53,0,0.34455496,3920.0,8,0,1,0,1.0,1
0.015902751,57,0,0.184981502,10000.0,18,0,1,0,1.0,0
0.558277869,45,0,0.163592323,5366.0,8,0,0,0,2.0,0
0.860928426,28,0,0.456341789,3744.0,16,0,0,0,0.0,0
0.9999999,33,0,0.119152339,2500.0,0,7,0,0,0.0,1
7.25e-05,69,0,0.379888268,3400.0,13,0,1,0,0.0,0
0.03533262,63,0,0.121203008,9974.0,7,0,1,0,1.0,0
0.693061043,62,0,5020.0,,9,0,2,0,2.0,0
0.0,61,0,0.336558687,7130.0,8,0,1,0,1.0,0
0.262447305,33,0,0.738815296,4000.0,12,0,1,0,0.0,0
0.9999999,42,0,0.611705924,1400.0,2,1,0,0,1.0,0
0.527324219,65,0,0.33037694,7666.0,11,0,1,0,0.0,0
0.012424689,60,0,0.249868398,5698.0,3,0,1,0,0.0,0
0.809522894,56,0,0.404364424,17550.0,7,0,2,0,1.0,0
0.0,57,0,4321.0,,12,0,2,0,0.0,0
0.6679353,52,0,0.404119964,3300.0,4,0,1,1,2.0,1
0.076073568,56,0,0.144308723,9250.0,5,0,1,0,2.0,0
0.316536693,56,1,0.381930981,2578.0,7,0,0,0,0.0,0
0.0,33,0,0.78339719,3914.0,6,1,2,0,0.0,0
0.9999999,57,0,0.095936043,1500.0,3,1,0,0,2.0,0
0.182381711,57,0,0.148598314,5100.0,10,0,0,0,1.0,0
0.954162612,45,0,0.432021618,5920.0,11,0,0,0,4.0,0
0.9999999,39,0,0.0,,0,0,0,0,0.0,0
0.014751761,68,0,0.005332622,7500.0,6,0,0,0,0.0,0
0.730478914,63,0,0.361515748,10159.0,19,0,1,0,0.0,0
0.9999999,51,1,0.245361006,11370.0,4,0,1,0,2.0,0
0.978705316,44,0,1.119917298,1450.0,6,0,0,0,0.0,0
0.869710912,62,0,0.385220126,12083.0,12,0,2,1,2.0,0
0.618248371,39,0,0.086844736,7000.0,6,0,0,0,2.0,0
0.411193828,36,0,2119.0,,18,0,0,0,0.0,0
0.057231227,59,0,0.376905774,4000.0,6,0,1,0,2.0,0
0.054939561,56,0,0.42430923,6803.0,10,0,2,0,2.0,0
0.000823856,66,0,0.278417735,4600.0,16,0,1,0,0.0,0
0.0,49,0,0.326671791,1300.0,3,0,1,0,1.0,0
0.0,89,0,344.0,,6,0,0,0,0.0,0
0.053325036,64,0,0.171945701,1325.0,12,1,0,0,0.0,0
0.9999999,40,1,0.501051402,8559.0,4,2,3,0,1.0,1
0.407993339,73,0,1131.0,,7,1,1,0,0.0,0
0.361763824,37,1,0.521865889,2400.0,3,0,1,0,3.0,0
0.0,37,1,0.317512275,11608.0,10,0,2,0,3.0,1
0.008604193,51,0,1845.0,,9,0,1,0,0.0,0
0.047135943,73,0,1.080816497,4800.0,10,0,2,0,0.0,0
0.005562133,76,0,0.140318401,2700.0,8,0,0,0,0.0,0
0.9999999,60,0,0.028959934,9633.0,1,0,0,0,0.0,0
0.063783688,50,0,0.209232564,12000.0,13,0,2,0,0.0,0
0.369298019,57,1,2773.0,,13,0,1,0,0.0,0
0.021766753,54,0,1.62623926,3025.0,14,0,5,0,1.0,0
0.614538546,36,0,0.02879744,11250.0,2,0,0,0,0.0,0
1.045954046,43,2,0.448191933,2875.0,8,1,0,0,1.0,0
0.361859945,47,0,0.171544664,15750.0,10,1,1,0,0.0,0
0.907454627,49,0,0.212526134,11000.0,5,0,1,0,3.0,0
0.705254866,75,0,0.552101788,6208.0,10,0,1,0,1.0,1
0.04909509,80,0,0.00224955,6667.0,4,0,0,0,0.0,0
0.0,42,0,0.434470767,4600.0,14,0,1,0,3.0,0
0.9999999,25,98,0.0,1958.0,0,98,0,98,0.0,0
0.192722211,77,0,0.457930642,7035.0,21,0,1,0,1.0,0
0.05686137,73,1,0.68275154,2921.0,10,0,1,0,0.0,0
0.06489329,72,0,1383.0,,10,0,1,0,0.0,0
0.002437348,37,0,3177.0,0.0,4,0,1,0,3.0,0
0.9999999,27,0,0.1567596,1900.0,2,0,0,0,0.0,0
0.114958622,56,0,0.097860143,15000.0,18,0,2,0,4.0,0
0.889222156,29,0,0.042889391,3100.0,3,0,0,0,1.0,0
0.178550565,53,0,0.272410455,10329.0,11,0,1,0,0.0,0
0.9999999,39,1,0.119624217,4789.0,1,0,0,0,4.0,0
0.104617858,53,0,0.32504486,3900.0,15,0,0,0,2.0,0
0.004988118,61,0,2579.0,,8,0,3,0,0.0,0
0.014968016,73,0,0.401938163,4333.0,10,0,1,0,0.0,0
0.095340549,56,0,2779.0,,14,0,3,0,3.0,0
0.069344201,51,1,0.29337725,8500.0,8,0,1,0,2.0,0
0.307909569,51,0,0.214281197,15810.0,16,0,2,0,1.0,0
0.058238597,64,0,0.222416813,6280.0,5,0,1,0,0.0,0
0.536585366,30,0,0.097560976,5083.0,2,0,0,0,0.0,0
0.362689571,41,0,0.737112456,5450.0,20,0,1,0,1.0,0
0.14325183,57,0,0.332589286,5375.0,24,0,2,0,0.0,0
0.220940403,69,0,0.292518913,3568.0,5,0,0,0,2.0,0
0.030665644,64,0,781.0,,3,0,1,0,0.0,0
0.766718086,45,0,0.631570713,6391.0,12,0,1,0,3.0,0
0.09150294,27,0,0.119875569,9000.0,9,0,0,0,0.0,0
0.9999999,48,2,2150.0,,5,0,2,1,1.0,0
0.333929688,42,0,0.504639543,1400.0,5,0,0,0,0.0,0
0.9999999,38,0,0.00109989,10000.0,1,0,0,0,2.0,0
0.0,52,0,2719.0,,13,0,1,0,1.0,0
0.157719455,57,0,0.211451101,11666.0,12,0,2,0,1.0,0
0.10953076,65,0,0.427611582,6250.0,11,0,1,0,1.0,0
0.9999999,83,3,0.703306524,2237.0,4,0,1,0,1.0,0
0.165165825,63,1,0.020326558,3000.0,8,0,0,0,0.0,0
0.0,41,0,0.37159643,8850.0,10,0,4,0,0.0,0
0.712574041,50,0,4095.0,,11,0,2,0,1.0,0
0.099566687,45,0,0.410887161,6300.0,8,0,1,0,2.0,0
0.609356416,40,0,0.518751711,3652.0,9,1,1,0,0.0,0
0.264347131,70,0,0.268747714,8200.0,8,0,1,0,0.0,0
0.0,56,0,130.0,0.0,8,0,0,0,0.0,0
0.353345952,63,0,2121.0,,7,0,2,0,2.0,0
0.357886843,66,0,252.0,,9,0,0,0,0.0,0
0.657144762,62,0,0.175087757,9400.0,10,0,1,1,0.0,0
0.9999999,61,0,0.224502684,3166.0,3,0,0,0,2.0,0
0.015126958,29,0,0.007220217,3600.0,2,0,0,0,0.0,0
0.11026866,56,1,0.088007214,5544.0,7,0,0,0,2.0,0
0.135924272,41,0,165.0,,4,0,0,2,0.0,0
0.038637816,38,0,0.465620674,6500.0,7,0,1,0,2.0,0
0.9999999,74,0,35.0,0.0,2,0,0,0,0.0,0
0.032770492,49,0,1129.0,,4,0,2,0,0.0,0
0.9999999,47,0,0.64928292,2300.0,5,0,1,1,0.0,1
0.026645677,49,0,0.574600972,1440.0,7,0,0,0,3.0,0
0.9999999,29,0,0.0,4500.0,0,0,0,0,0.0,0
0.079630531,52,0,0.51129774,5000.0,19,0,1,0,1.0,0
0.845125729,58,0,1.581806065,3000.0,12,0,1,0,0.0,0
0.042713676,48,0,996.0,,8,0,1,0,0.0,0
1.015830035,36,3,0.497920605,2644.0,6,0,0,1,0.0,0
3.875122911,32,3,0.907618476,5000.0,12,1,2,2,2.0,0
0.366174056,53,0,0.571214393,2000.0,8,0,1,0,4.0,0
0.404085131,44,0,0.381292396,2800.0,4,0,0,0,2.0,0
0.366363364,44,0,1673.0,,6,0,1,0,2.0,0
0.127143643,65,0,0.298425394,4000.0,4,0,1,0,1.0,0
0.036764653,60,0,0.269578791,41000.0,11,0,2,0,0.0,0
0.027532657,42,0,0.002939941,16666.0,3,0,0,0,2.0,0
0.004561833,57,0,0.378124081,3400.0,7,0,1,0,1.0,0
0.010434405,53,0,1362.0,,5,0,1,0,0.0,0
0.22363444,56,0,0.284476294,12000.0,11,0,2,0,2.0,0
0.027803075,81,0,44.0,,7,0,0,0,0.0,0
0.699692198,35,0,1410.0,,5,0,0,0,0.0,0
0.366531651,59,0,0.203326713,12083.0,10,0,1,0,3.0,0
0.056621039,60,0,2363.0,,19,0,2,0,0.0,0
0.007566038,66,2,2818.0,,28,0,2,0,0.0,0
0.128984991,54,0,0.212719298,2735.0,7,0,0,1,0.0,0
0.094938835,56,1,2255.0,,6,0,2,0,0.0,0
0.014342447,84,0,0.080112259,7838.0,7,0,0,0,0.0,0
0.944579346,45,3,0.485636115,5116.0,5,2,2,0,3.0,0
0.357452446,42,1,0.35110601,9583.0,11,0,2,0,2.0,0
0.0,83,0,320.0,,7,0,0,0,0.0,0
0.04927677,43,0,0.267936956,4250.0,24,0,0,0,2.0,0
0.078497383,64,0,0.104798676,3625.0,7,0,0,0,0.0,0
0.009933002,63,0,0.094181164,5000.0,4,0,0,0,0.0,0
0.60931311,42,3,0.515836149,4735.0,10,0,2,0,3.0,0
0.113788621,68,1,0.005097373,7650.0,2,0,0,0,1.0,0
0.403074646,55,0,0.491286307,15664.0,13,0,2,0,0.0,0
0.001629509,40,0,2750.0,,8,0,1,0,3.0,0
0.011729981,64,0,0.368877041,3000.0,8,0,0,0,0.0,0
0.104145755,63,0,0.331337325,500.0,10,0,0,0,0.0,0
0.9999999,59,0,0.413612565,2291.0,2,0,0,0,1.0,0
0.268727447,62,0,6402.0,,11,0,3,0,0.0,0
0.676997169,28,0,0.412401394,5450.0,9,0,0,0,3.0,0
1.019966722,41,1,1456.0,,4,0,1,0,0.0,1
0.027330297,28,0,0.126353791,2769.0,3,0,0,0,0.0,0
0.069157416,47,0,71.0,,1,0,0,0,,0
0.1886046,52,0,0.217586074,15625.0,5,0,1,0,3.0,0
0.012113361,61,0,0.085272529,6402.0,9,0,0,0,0.0,0
0.089129412,85,0,0.2161982,9000.0,19,0,1,0,0.0,0
0.328725829,51,2,0.251553867,5791.0,7,0,2,0,0.0,0
0.333170944,69,0,2.129398411,880.0,7,0,1,0,0.0,0
0.08618774,38,0,0.694522191,2500.0,9,0,1,0,2.0,0
0.121993223,74,0,11195.0,0.0,7,0,0,1,0.0,0
0.493467127,61,0,0.318152895,11000.0,10,0,2,0,1.0,0
0.003695492,59,0,13.0,,3,0,0,0,,0
0.716283716,46,0,0.389372947,7000.0,9,0,2,0,0.0,0
0.0,40,0,0.424048875,3600.0,5,0,2,0,0.0,0
0.132057863,36,0,0.049980008,2500.0,5,0,0,0,2.0,0
0.018141447,65,0,0.7185222,6035.0,19,0,3,0,0.0,0
0.038537473,72,0,44.0,,4,0,0,0,0.0,0
0.024027885,47,0,28.0,,5,0,0,0,0.0,0
0.817841582,45,2,2710.0,,16,0,2,0,4.0,0
0.0,33,0,0.126976851,4362.0,3,0,1,0,0.0,0
0.482140587,85,0,0.131053036,2601.0,7,0,0,0,0.0,0
0.0,53,1,1773.0,,6,2,1,1,0.0,0
0.455796457,39,0,1496.0,,8,0,0,0,,0
0.657109732,48,0,0.634768415,4900.0,15,0,2,0,3.0,0
0.001136312,77,0,0.263684079,4000.0,7,0,1,0,0.0,0
0.186340747,36,2,0.305166098,7916.0,9,0,1,0,2.0,0
0.9999999,31,0,0.17162277,3530.0,4,0,0,0,0.0,0
0.645177411,26,0,0.168842472,2297.0,2,0,0,0,0.0,1
0.003427592,27,0,37.0,,2,0,0,0,1.0,0
0.471543923,33,0,0.41716659,6500.0,11,0,1,0,0.0,0
0.9999999,32,1,0.121794872,5615.0,4,1,0,0,1.0,0
0.000428952,60,0,0.323648912,17966.0,15,0,3,0,0.0,0
0.600026665,47,0,0.264284088,4392.0,5,0,1,0,1.0,0
0.414632389,41,0,0.380391285,13493.0,22,0,3,0,0.0,0
0.18949306,50,0,395.0,,6,0,0,0,0.0,0
0.086771635,31,1,0.258609198,4500.0,6,0,1,0,0.0,0
0.069791478,52,0,0.110103972,3750.0,7,0,1,0,0.0,0
0.9999999,38,0,3410.0,,3,0,2,0,1.0,0
0.643065389,29,0,0.012218828,3600.0,4,0,0,0,1.0,1
0.067958925,48,0,0.235384401,7166.0,4,0,1,0,1.0,0
0.599709077,46,0,0.631828489,4850.0,9,0,1,0,0.0,0
0.473856554,40,0,0.543474754,6198.0,10,0,3,0,0.0,0
0.987002606,62,0,2945.0,,11,0,1,0,1.0,0
0.109540475,47,0,3348.0,,7,0,5,0,,0
0.121693915,66,0,0.197501008,4961.0,5,0,0,0,1.0,0
0.002654156,68,0,4.0,,3,0,0,0,0.0,0
0.143066392,53,0,0.477312905,1696.0,6,0,1,0,1.0,0
0.043725384,56,0,0.193748385,3870.0,5,0,1,0,1.0,0
0.9999999,23,0,0.0,770.0,0,1,0,0,0.0,0
0.005080806,66,0,0.507311129,2461.0,7,0,1,0,0.0,0
0.83904653,37,1,0.505014039,4985.0,7,1,1,0,0.0,0
0.535785686,45,2,4188.0,,9,0,2,1,,0
0.9999999,67,0,443.0,0.0,5,0,1,0,0.0,0
0.456210449,31,1,1130.0,,8,0,0,0,1.0,0
0.951220274,49,0,0.407265456,6000.0,10,0,1,0,3.0,0
0.9999999,58,0,0.610111592,4390.0,4,0,2,1,1.0,1
0.061262582,54,0,0.334785952,3900.0,5,0,1,0,2.0,0
0.039225692,68,0,0.184687902,7000.0,9,0,0,0,0.0,0
0.188466885,69,0,0.180092538,8428.0,3,0,1,0,0.0,0
0.032236742,80,1,0.128212213,7237.0,6,0,1,0,0.0,0
0.094577124,50,0,0.297460701,10750.0,14,0,1,0,2.0,0
0.406644075,46,0,2420.0,,3,0,2,0,0.0,0
0.013702253,65,0,0.610383944,4583.0,15,0,2,0,0.0,0
0.947152294,73,2,0.326666667,3749.0,6,0,1,0,1.0,0
0.061693482,37,0,0.157656087,8600.0,9,0,1,0,0.0,0
0.316377549,52,0,0.352077476,3200.0,9,0,1,0,0.0,0
0.01066643,58,0,0.062144285,6500.0,4,0,1,0,0.0,0
0.273985465,39,1,2158.0,,14,0,1,0,0.0,0
0.376348001,46,0,1082.0,,6,0,0,0,1.0,0
0.013941882,69,2,2119.0,,12,0,1,0,0.0,0
0.035830825,71,0,1466.0,0.0,10,0,2,0,0.0,0
0.009559618,47,0,0.23159605,8000.0,8,0,1,0,1.0,0
0.325415101,37,2,0.014550746,5497.0,2,0,0,0,2.0,0
0.001479047,65,0,2.0,,6,0,0,0,0.0,0
0.25566146,78,0,0.079266841,4200.0,8,0,0,0,0.0,0
0.529983242,49,0,0.472890834,8225.0,11,0,2,0,5.0,0
0.501872659,33,2,0.547411104,6411.0,8,0,1,0,3.0,0
0.813637273,67,1,0.794401866,3000.0,4,0,1,1,0.0,0
0.804391218,25,0,0.074973224,2800.0,5,0,0,1,0.0,0
0.487451255,34,0,0.368959771,4200.0,5,0,0,0,2.0,0
0.143057621,65,0,0.147085291,10000.0,13,0,0,0,2.0,0
0.053789425,73,0,0.483246978,2894.0,4,0,0,0,0.0,0
0.217564337,33,0,0.190421536,9583.0,16,0,0,0,0.0,0
0.005110884,74,0,0.000315756,9500.0,3,0,0,0,0.0,0
0.028926323,82,0,65.0,,8,0,0,0,0.0,0
0.098840412,84,0,0.431901519,3817.0,10,0,1,0,0.0,0
0.057854847,59,0,0.004648146,9250.0,8,0,0,0,0.0,0
0.368449547,72,0,3072.0,,12,0,1,0,0.0,0
0.551657934,47,1,0.454103597,7200.0,11,0,1,0,2.0,0
0.017107429,75,0,0.008247938,4000.0,11,0,0,0,0.0,0
0.040446409,66,0,19.0,,5,0,0,0,0.0,0
0.022493705,68,0,0.175724173,7801.0,14,0,1,0,0.0,0
0.014043028,59,0,0.147070367,17834.0,12,0,2,0,0.0,0
0.707265975,34,1,0.320714476,3750.0,7,0,0,0,1.0,1
0.0,84,0,0.0,2040.0,14,0,0,0,0.0,0
0.147449835,70,1,0.114725589,19550.0,9,0,1,0,1.0,0
0.549535635,64,0,2978.0,,28,0,0,0,2.0,0
0.257067036,37,0,0.291809152,6140.0,6,0,0,0,4.0,0
0.14431744,41,0,0.294911397,6150.0,10,0,2,0,2.0,0
0.496911825,40,0,0.452363811,12500.0,11,0,2,0,2.0,0
0.144952633,39,0,0.088785988,4966.0,7,0,0,0,2.0,0
0.051392253,72,0,0.09113632,5200.0,11,0,0,0,1.0,0
0.532653822,65,0,3696.0,,11,0,2,0,0.0,0
0.007099251,54,0,0.096660579,7665.0,4,0,1,0,3.0,0
0.9999999,21,0,0.0,820.0,1,0,0,0,0.0,0
0.397824717,42,0,480.0,,9,0,0,0,2.0,0
0.038960636,43,0,387.0,,5,0,0,0,0.0,0
0.002066598,41,0,3776.0,,5,0,2,0,0.0,0
0.0,73,0,0.208928029,3292.0,3,0,1,0,0.0,0
0.798120188,38,0,0.45407279,4615.0,2,0,1,0,1.0,0
0.164149568,83,0,0.018069973,2600.0,2,0,0,0,1.0,0
0.769972001,53,1,0.497105568,9500.0,13,0,2,0,2.0,0
0.9999999,50,1,0.200315102,4442.0,2,1,1,0,3.0,0
0.124840122,43,0,1079.0,1.0,14,0,2,0,1.0,0
0.027810762,61,0,2616.0,,7,0,1,0,,0
0.245823829,50,0,0.249782282,12630.0,16,0,1,0,0.0,0
0.405612157,38,0,1038.0,,8,0,1,0,2.0,0
0.490876087,46,0,0.0968609,31250.0,5,0,2,0,0.0,0
0.093095969,47,0,0.220443858,12120.0,7,0,1,0,3.0,0
0.090738823,58,0,1.100973236,3287.0,14,0,3,0,0.0,0
0.207467322,60,0,0.643568841,2207.0,9,0,1,0,0.0,0
0.016108345,54,0,1563.0,,9,0,2,0,0.0,0
0.9999999,45,0,1.477184841,1292.0,3,0,1,0,2.0,0
0.004814678,33,0,0.385049978,6902.0,6,0,2,0,0.0,0
0.193632255,78,0,0.563981043,2953.0,13,0,2,0,0.0,0
0.337110997,51,0,526.0,,9,0,0,0,3.0,0
0.9999999,33,0,0.0,1994.0,0,6,0,0,2.0,0
0.469451233,28,0,0.02907245,2166.0,1,0,0,0,0.0,0
0.523833427,65,0,0.598025117,10430.0,16,0,2,0,1.0,0
0.503868353,31,0,0.569267202,7600.0,10,0,2,0,0.0,0
0.9999999,24,0,0.292938931,1047.0,2,1,0,0,2.0,1
0.30439927,50,0,0.916260335,4716.0,12,0,2,0,2.0,0
0.947678972,67,0,1.916317992,1911.0,19,0,1,0,1.0,0
0.067301249,38,0,0.085549799,8684.0,7,0,0,0,3.0,0
0.0,62,0,0.197438301,3200.0,7,0,0,0,0.0,0
0.028608979,36,1,0.176213289,4800.0,4,0,0,0,2.0,0
0.079206589,72,0,158.0,,10,0,0,0,0.0,0
0.017570291,89,0,41.0,0.0,8,0,0,0,0.0,0
0.139572086,38,0,0.005331911,3750.0,1,0,0,0,0.0,0
0.008308213,43,0,0.079680049,6500.0,6,0,0,0,2.0,0
0.001722127,65,0,0.002586207,2319.0,3,0,0,0,0.0,0
0.0,69,0,0.337558275,6863.0,14,0,2,0,0.0,0
0.140438067,41,0,2171.0,,16,0,1,0,0.0,0
0.465794068,54,0,0.408037773,18213.0,14,0,3,0,3.0,0
0.842862855,47,0,0.177864275,17726.0,7,0,2,0,4.0,0
0.005912786,50,0,0.245971889,5833.0,5,0,1,0,1.0,0
0.013818401,66,1,0.148594378,5477.0,6,0,1,0,1.0,0
0.932005787,60,1,0.567599762,10073.0,17,0,3,0,0.0,1
0.042496968,47,0,1.080191981,10000.0,16,0,9,0,0.0,0
0.014039954,76,0,0.153846154,4705.0,10,0,1,0,0.0,0
0.9999999,35,0,235.0,0.0,4,0,0,0,0.0,0
0.473024,52,0,0.267546491,5000.0,11,0,2,0,0.0,0
0.05883021,61,0,795.0,,11,0,1,0,0.0,0
0.07003509,60,0,2822.0,,5,0,1,0,0.0,0
0.00327626,68,0,86.0,,6,0,0,0,0.0,0
0.007644605,58,0,0.199200533,3001.0,11,0,1,0,0.0,0
0.9999999,40,0,0.154759022,4128.0,2,5,2,0,0.0,1
0.52937284,30,0,0.537881385,2916.0,7,0,1,0,0.0,0
0.03897922,58,0,0.407314966,10416.0,11,0,3,0,0.0,0
0.717131474,46,1,0.831763699,2335.0,5,4,1,2,3.0,1
0.089844426,56,0,3232.0,,10,0,1,0,0.0,0
0.16877716,57,1,1603.0,,9,0,1,0,0.0,0
0.069027382,77,0,0.187523208,2692.0,6,0,1,0,0.0,0
0.792218319,49,1,0.680746863,3266.0,9,1,1,2,0.0,1
0.073634132,46,0,0.444150344,5666.0,9,0,1,0,3.0,0
0.241724061,29,0,465.0,,2,0,0,0,,0
0.077629306,36,3,0.318013224,6200.0,5,0,1,1,1.0,0
0.045638557,48,0,0.224317181,5674.0,17,0,1,0,1.0,0
0.960914073,40,0,0.467029973,5504.0,7,0,1,0,0.0,1
0.042575286,49,0,33.0,,6,0,0,0,0.0,0
0.020928584,44,0,0.418129305,4500.0,12,0,1,0,0.0,0
0.259749705,57,0,0.042659557,6000.0,6,0,0,0,0.0,0
0.334414109,62,0,0.248045411,18673.0,9,0,3,0,3.0,0
0.286414471,52,0,0.578883199,4100.0,13,0,1,0,3.0,0
0.001884543,63,0,3069.0,,8,0,1,0,0.0,0
0.51270613,25,0,0.422222222,764.0,7,0,0,0,0.0,0
0.299236188,36,0,0.227378474,8166.0,8,0,1,0,0.0,0
0.04330325,37,0,0.184763047,5000.0,10,0,1,0,2.0,0
0.028809363,88,0,0.004531985,5736.0,2,0,0,0,0.0,0
0.018841709,51,0,0.237609912,5003.0,7,0,1,0,0.0,0
0.349871055,59,1,0.192448393,15307.0,12,0,1,0,1.0,0
0.972055888,27,0,0.116929485,3360.0,5,0,0,0,0.0,0
0.057174228,48,0,0.449110178,5000.0,7,0,1,0,0.0,0
0.371938969,48,0,0.504076296,6500.0,13,0,2,0,3.0,0
0.9999999,80,0,0.463896104,1924.0,5,1,1,0,0.0,0
0.000477829,72,0,2912.0,,15,0,2,0,0.0,0
0.059065092,64,0,0.009996924,6501.0,5,0,0,0,0.0,0
0.088798926,66,0,0.494120915,10800.0,11,0,3,0,0.0,0
0.354409257,73,0,0.551432292,3071.0,6,0,1,0,2.0,0
0.001798079,47,0,0.011747063,4000.0,9,0,0,0,0.0,0
0.9999999,25,0,0.365122616,1100.0,5,0,0,0,0.0,0
0.847757783,34,0,0.097468771,6083.0,9,0,0,0,0.0,0
0.059207436,36,1,1.154441985,6325.0,12,0,3,0,1.0,0
0.037124695,54,0,0.075127013,9250.0,9,0,1,0,2.0,0
0.660130719,30,0,0.062991001,7000.0,5,0,0,0,3.0,0
0.046539563,74,0,0.008212041,17656.0,12,0,0,0,0.0,0
0.112767601,61,2,0.48980204,3333.0,11,0,2,0,0.0,0
0.24870052,23,0,0.598442714,898.0,3,0,0,0,0.0,0
0.03039696,63,0,0.003162841,11065.0,3,0,0,0,0.0,0
0.032282859,24,0,1.0,,1,0,0,0,0.0,0
0.058155348,38,0,0.269738314,4470.0,7,0,2,0,0.0,0
0.009146703,49,0,11.0,,9,0,0,0,0.0,0
0.729769364,31,0,0.279088365,2500.0,2,0,0,0,2.0,0
0.930116473,44,0,0.023809524,671.0,1,0,0,0,0.0,0
0.146970606,49,0,0.242471162,12916.0,6,0,2,0,0.0,0
0.976354547,46,0,0.333139196,5150.0,10,0,1,0,4.0,0
0.293511106,53,1,4386.0,,9,0,1,0,0.0,0
0.0,66,2,0.667295449,4240.0,17,0,2,0,0.0,0
0.690136593,57,0,0.407587549,6167.0,9,1,1,0,3.0,0
0.038855755,54,0,0.277404108,5500.0,7,0,2,0,0.0,0
0.218650418,47,0,0.688197083,8158.0,14,0,3,0,0.0,0
0.016144055,53,0,0.51946976,6034.0,12,0,2,0,1.0,0
0.9999999,63,0,0.029389018,9050.0,0,0,0,0,2.0,0
0.010642477,65,1,2527.0,,5,0,2,0,0.0,0
0.398271188,40,0,0.81915846,3350.0,10,0,2,0,2.0,1
0.019769294,55,0,0.064335664,2859.0,7,0,0,0,0.0,0
0.110177546,56,0,1.273612207,3800.0,15,0,3,0,0.0,0
0.43157878,46,0,0.763543813,8250.0,36,0,3,0,0.0,1
0.041766708,78,0,69.0,,4,0,0,0,,0
0.0,31,0,0.507447249,4833.0,11,0,2,0,0.0,0
0.025192896,39,0,0.617676465,5000.0,8,0,2,0,2.0,1
0.447639199,66,0,0.182636227,6000.0,5,0,1,0,0.0,0
0.06414275,83,0,1.099189021,3205.0,13,0,1,0,0.0,0
0.196153185,46,0,6641.0,,16,0,4,0,0.0,0
0.94480046,43,0,0.898504102,6216.0,18,0,2,0,2.0,0
0.0,60,0,1042.0,,4,0,1,0,0.0,0
0.387184862,64,0,0.302843016,11325.0,14,0,1,0,1.0,0
0.18483951,55,1,0.393136161,3583.0,17,0,1,0,2.0,0
0.155240525,52,0,0.483518065,6946.0,15,0,2,0,1.0,0
0.264892148,41,0,0.342387949,8098.0,8,0,2,0,2.0,0
0.991796975,44,1,0.318334216,5666.0,6,0,1,0,0.0,0
1.060347003,56,0,0.535430798,6928.0,21,0,0,0,3.0,0
0.018381812,41,0,1177.0,,4,0,1,0,0.0,0
0.320026666,48,0,0.219241556,8200.0,10,0,1,1,3.0,0
0.010235053,45,0,810.0,,7,0,1,0,0.0,0
0.669497329,29,0,0.309084699,2927.0,9,0,0,0,3.0,0
0.027256155,36,0,1695.0,0.0,7,0,1,0,3.0,0
0.185355057,52,0,0.411736212,14450.0,14,0,2,0,1.0,0
0.069915734,53,0,0.363692689,8069.0,14,0,2,0,0.0,0
0.337587747,36,0,0.344476744,5503.0,7,0,2,0,4.0,0
0.186900259,50,0,0.32629108,2555.0,9,0,0,0,2.0,0
0.050834087,41,0,0.007679386,8333.0,2,0,0,0,0.0,0
0.069921459,59,1,0.333970129,5757.0,15,0,1,0,0.0,0
0.9999999,31,98,0.0,1440.0,0,98,0,98,1.0,1
0.330766398,65,1,0.36424547,6566.0,12,0,2,0,0.0,0
0.004293865,44,3,1.07662354,7960.0,8,0,2,0,2.0,0
0.064705722,49,0,0.147107166,6083.0,7,0,1,0,1.0,0
0.021046024,60,0,0.236430122,8750.0,15,0,1,0,1.0,0
0.9999999,62,0,0.091902211,18856.0,3,0,1,0,0.0,0
0.024130845,76,0,0.016991504,2000.0,4,0,0,0,0.0,0
0.0,68,0,0.241119893,10500.0,7,0,1,0,0.0,0
0.147480799,55,0,0.917737789,3500.0,15,0,1,0,1.0,0
0.100844682,46,0,2167.0,,5,0,1,0,0.0,0
0.590822291,51,0,0.412764539,6000.0,8,0,1,0,4.0,0
0.317622746,36,0,0.759762309,1177.0,4,0,1,0,1.0,0
0.0,85,0,566.0,,5,0,1,0,0.0,0
0.285888273,35,0,0.189459337,2200.0,6,0,0,0,0.0,0
0.025532482,72,0,22.0,,9,0,0,0,0.0,0
0.06269104,56,0,0.379155211,4000.0,11,0,1,0,1.0,0
0.239159913,34,0,0.174781155,10166.0,12,0,2,0,2.0,0
0.873073184,43,0,0.555129913,6003.0,7,0,2,0,4.0,0
0.785099127,46,3,0.512883344,13466.0,11,0,4,0,2.0,0
0.001919846,73,0,0.0,3313.0,4,0,0,0,0.0,0
0.140434042,41,0,0.064967796,3570.0,3,0,0,0,1.0,0
0.9999999,34,1,0.273956496,1700.0,1,1,0,0,4.0,0
0.013986014,22,0,0.0,898.0,2,0,0,0,0.0,0
0.0,56,2,0.215819708,11314.0,4,0,2,0,0.0,0
0.393830078,37,0,0.637470847,3858.0,8,0,1,0,1.0,0
0.0,75,0,6550.0,,9,0,4,0,0.0,0
0.092752224,36,0,17.62376238,100.0,6,0,1,0,1.0,0
0.387065977,51,0,0.350874186,5833.0,12,0,1,2,1.0,1
0.07099716,62,0,0.195702066,4792.0,5,0,2,0,1.0,0
0.9999999,73,2,536.0,,3,2,0,0,0.0,1
0.111813248,44,0,0.193352509,6257.0,9,0,0,0,2.0,0
0.0,30,0,698.0,,2,1,1,1,1.0,0
0.060162702,69,0,89.0,,9,0,0,0,0.0,0
0.000114282,48,0,0.251718535,8000.0,6,0,2,0,3.0,0
0.0,35,0,2312.0,,5,0,1,0,0.0,0
0.062513871,36,0,2068.0,0.0,7,0,2,0,7.0,0
0.600025395,53,1,0.456743869,2935.0,8,0,1,0,1.0,0
0.656513462,46,0,3721.0,,15,0,2,0,0.0,0
0.076761138,28,0,0.101020621,4800.0,5,0,0,0,0.0,0
0.815273091,27,1,473.0,,3,2,0,0,1.0,1
0.107742457,72,0,0.021829695,6000.0,6,0,0,0,0.0,0
0.086985052,61,0,0.51552795,7083.0,14,0,2,0,2.0,0
0.923131866,49,0,0.301224898,12000.0,8,0,1,0,5.0,0
0.536601294,47,0,0.168255843,11850.0,7,1,0,0,3.0,1
0.061924853,34,0,0.166640216,6300.0,11,0,1,0,0.0,0
0.801265706,52,2,1.167817186,4200.0,18,2,2,2,1.0,1
0.004274893,34,0,0.155669443,1560.0,8,0,0,0,0.0,0
0.794205794,31,1,0.985024958,600.0,9,1,0,0,0.0,0
0.733145708,50,1,0.319493207,6550.0,11,0,1,0,0.0,0
0.025865804,49,0,22.0,,4,0,0,0,,0
0.9999999,73,0,23.0,,2,0,0,0,0.0,0
0.02633159,48,1,0.340079032,8350.0,15,0,1,0,0.0,0
0.156684332,45,0,0.344098424,2600.0,3,0,1,0,1.0,0
0.02661402,46,0,0.228485015,3636.0,12,0,0,0,0.0,0
0.035393327,70,0,0.214968387,6800.0,10,0,0,0,1.0,0
0.064015491,48,0,0.205347594,5609.0,4,0,1,0,1.0,0
0.0,52,1,2407.0,,12,0,1,0,2.0,0
0.146978828,62,0,0.016429573,4990.0,4,0,0,0,0.0,0
0.882164926,60,0,0.426229508,2500.0,8,0,0,0,0.0,0
0.007048285,38,0,0.29790881,5833.0,10,0,0,0,1.0,0
0.018582426,69,0,1059.0,,6,0,1,0,0.0,0
0.009453972,57,0,0.188217808,7400.0,6,0,2,0,1.0,0
0.9999999,55,3,0.581284496,3985.0,3,1,2,3,0.0,1
0.096785424,52,0,3214.0,,5,0,1,0,0.0,0
0.014577962,63,0,983.0,,7,0,1,0,0.0,0
0.352043945,44,0,2477.0,,3,0,1,0,0.0,0
0.0,45,0,1577.0,,4,0,2,0,,0
0.005369267,59,0,1783.0,,17,0,2,0,0.0,0
0.004488789,48,0,0.227971911,11961.0,8,0,2,0,2.0,0
0.207161781,47,0,0.36037844,6975.0,10,0,1,0,4.0,0
0.177524045,49,1,0.417318329,5242.0,9,0,2,0,2.0,0
0.9999999,77,2,1.035065484,2366.0,3,0,2,2,0.0,1
0.9999999,62,2,1330.0,,2,0,1,1,0.0,0
0.02199945,43,0,0.210233273,10416.0,5,0,1,0,0.0,0
0.41905931,68,0,0.4499091,10450.0,13,0,2,0,0.0,0
0.002999824,40,1,0.377132102,8500.0,7,0,1,0,0.0,0
0.084895683,59,0,0.596420717,13186.0,18,0,4,0,1.0,1
0.142697488,45,0,0.559491501,7000.0,8,0,1,0,2.0,0
0.172565487,26,0,0.010771219,2320.0,1,0,0,0,0.0,0
0.973447395,42,0,0.468198992,3175.0,9,0,1,0,0.0,0
0.430027804,34,0,0.323236757,6833.0,5,0,2,0,0.0,0
0.007077238,89,0,0.011535049,2253.0,10,0,0,0,0.0,0
0.031007166,56,0,0.297027875,10833.0,12,0,1,0,0.0,0
0.074788031,71,0,0.043788672,2100.0,4,0,0,0,0.0,0
0.334614352,55,0,0.970068027,6614.0,22,0,7,0,6.0,1
0.095221984,72,0,765.0,,9,0,1,0,0.0,0
0.005839766,46,0,31.0,,2,0,0,0,0.0,0
0.020238678,53,0,3092.0,0.0,9,0,1,0,2.0,0
0.709035617,45,0,0.527155816,8708.0,12,0,3,0,3.0,1
0.9999999,43,0,0.263909068,11700.0,10,0,2,0,2.0,0
0.289198421,64,2,0.162359122,11800.0,12,0,1,0,0.0,0
0.848129633,30,0,0.413195601,3000.0,6,0,0,0,2.0,0
0.000571347,27,1,0.014394242,2500.0,4,0,0,0,0.0,0
0.278449831,46,0,0.517319043,12875.0,14,0,3,0,3.0,0
0.085550838,43,0,0.020543587,11000.0,7,0,0,0,3.0,0
0.030931548,66,0,1239.0,,5,0,1,0,0.0,0
0.042591482,80,0,1602.0,,5,0,1,0,0.0,0
0.291931633,69,0,1262.0,,9,0,1,0,0.0,0
0.049635172,88,0,0.088382324,5000.0,11,0,0,0,0.0,0
0.892855357,40,0,3163.0,,6,0,1,0,0.0,0
0.607668496,64,0,0.65792386,9035.0,9,0,1,0,0.0,0
0.032815475,59,0,0.50014041,3560.0,13,0,2,0,0.0,0
0.000314277,52,0,1110.0,,11,0,1,0,0.0,0
0.142723225,49,0,0.195840555,5192.0,10,0,0,0,2.0,0
0.0,62,0,0.346007605,3155.0,15,0,1,0,1.0,0
0.145797045,37,0,0.13068997,7666.0,6,0,1,0,0.0,0
0.640781235,27,0,0.145301044,4500.0,8,0,0,0,0.0,0
0.238914154,59,0,0.32783408,8485.0,12,0,1,0,0.0,0
0.75756061,40,3,0.524241933,6166.0,8,2,2,2,1.0,1
0.002431763,85,0,3.0,,14,0,0,0,0.0,0
0.145245461,46,0,0.540239373,2422.0,14,0,1,0,3.0,0
0.810364316,64,0,1.080872331,4401.0,11,0,2,0,0.0,0
0.411829533,52,1,0.611357587,3380.0,12,0,0,0,0.0,0
0.784053156,34,0,0.077909828,5300.0,3,3,0,0,0.0,1
0.355941046,53,0,0.287841994,6176.0,7,0,2,0,0.0,0
0.0,76,0,3.0,,5,0,0,0,,0
0.00075268,66,0,0.630154102,2400.0,13,0,1,0,0.0,0
0.063240192,54,0,0.015745818,7112.0,10,0,0,0,2.0,0
0.113398985,25,1,0.018328242,3600.0,4,0,0,0,0.0,0
0.015414715,49,0,5025.0,,6,0,2,0,4.0,0
0.0,85,0,0.0,,1,0,0,0,,0
0.952655667,48,1,0.693251534,2770.0,5,0,1,0,1.0,0
0.195727236,35,0,0.291864014,9500.0,18,0,2,0,0.0,0
1.16429776,40,4,0.166001925,7270.0,14,0,0,2,0.0,1
0.390728157,53,0,3126.0,,14,0,2,0,2.0,0
0.027032373,64,0,0.181138346,4813.0,7,0,1,0,0.0,0
0.9999999,58,0,0.0,5420.0,0,0,0,0,0.0,0
0.038294584,70,0,0.383206775,32000.0,9,0,3,0,0.0,0
0.0649594,40,0,0.06482253,6000.0,6,2,0,0,3.0,1
0.060546722,48,0,1184.0,1.0,15,0,2,0,1.0,0
0.636651176,56,0,0.429890941,8985.0,14,0,1,0,1.0,0
0.010882033,69,0,0.002096876,4768.0,4,0,0,0,0.0,0
0.187448084,83,0,1754.0,,18,0,1,0,0.0,0
0.060205825,27,0,0.213865676,3230.0,7,0,0,0,0.0,0
0.230221222,27,0,0.911930044,1600.0,8,0,1,0,0.0,0
0.917800679,70,1,0.83858071,2000.0,9,0,0,3,0.0,0
0.9999999,35,1,0.355086372,2083.0,10,0,0,0,2.0,1
0.086913087,30,0,0.930143946,2361.0,8,0,1,0,1.0,0
0.010687762,89,0,0.012825651,2494.0,10,0,0,0,0.0,0
0.274827816,36,2,0.803154854,4500.0,12,0,2,0,0.0,0
0.684280538,67,0,0.095358383,9500.0,7,0,0,0,0.0,0
0.019713159,39,0,0.380036235,11590.0,6,0,3,0,2.0,0
0.086942719,59,2,0.150692758,7000.0,13,0,0,0,0.0,0
0.008779182,78,0,1512.0,,13,0,1,0,,0
0.0,64,0,2615.0,,4,0,1,0,2.0,0
0.026325934,75,0,2211.0,,5,0,1,0,1.0,0
0.160799179,38,0,0.653057824,6000.0,16,1,2,0,1.0,0
0.051477664,74,0,637.0,,11,0,1,0,0.0,0
0.008816852,50,0,0.927322592,5833.0,15,0,4,0,0.0,0
0.004166493,36,0,1.690615493,4272.0,10,0,5,0,0.0,0
0.279772023,38,0,0.522024367,3200.0,6,0,1,0,0.0,0
0.094228957,45,0,0.483334992,10050.0,7,0,3,0,3.0,0
0.694309881,61,0,0.608029995,6400.0,13,0,1,0,0.0,0
0.0,44,0,0.062393647,3525.0,5,0,0,0,1.0,0
0.104919344,75,0,1263.0,,4,0,1,0,0.0,0
0.083414313,37,0,0.117079264,8805.0,11,0,2,0,1.0,0
0.02389621,62,0,0.552024215,2642.0,5,0,1,1,1.0,0
0.929854958,30,1,0.369259606,3200.0,9,0,0,0,1.0,0
0.019975682,74,0,2160.0,,13,0,2,0,0.0,0
0.101008056,34,0,0.028363358,2608.0,2,0,0,0,2.0,0
0.065206975,56,0,93.0,,6,0,0,0,0.0,0
0.749492803,59,0,0.385131556,5662.0,5,0,1,0,1.0,0
0.793583167,52,2,0.587305768,3796.0,8,1,2,1,1.0,0
0.64148428,26,0,0.253024724,1900.0,4,0,0,0,0.0,0
0.497515119,52,0,0.445095673,5800.0,7,0,2,0,0.0,0
0.019396121,67,0,0.056314562,3000.0,4,0,1,0,1.0,0
0.9999999,31,0,0.0,2200.0,2,0,0,0,0.0,0
0.9999999,53,1,0.095825115,6083.0,1,2,0,0,0.0,0
0.382202225,32,0,0.436791824,4500.0,11,0,1,0,1.0,0
0.38269238,42,0,0.223110984,7000.0,5,0,0,0,2.0,0
0.03339944,79,0,0.456550721,8250.0,18,0,1,1,1.0,0
0.883153139,32,0,0.30541051,9000.0,9,0,1,0,0.0,0
0.163937424,46,0,0.488086977,4322.0,11,0,1,0,2.0,0
0.147591654,66,0,1951.0,,13,0,1,0,2.0,0
0.016557366,59,0,0.596412556,2452.0,10,0,2,0,0.0,0
0.170864321,43,0,0.286927432,7771.0,5,0,2,0,2.0,0
0.101045206,71,0,0.392256967,4700.0,7,0,1,0,0.0,0
0.063759837,42,0,0.024479568,5187.0,12,0,0,0,4.0,0
0.033968173,32,1,0.843174008,3200.0,8,0,1,0,0.0,0
0.14687257,58,0,3823.0,,7,1,2,0,0.0,0
0.0,51,0,0.784071976,3000.0,5,0,2,0,2.0,0
1.078039927,28,0,0.065186963,5000.0,3,0,0,0,0.0,0
0.751092327,81,0,1.19533453,3900.0,10,0,1,0,0.0,0
0.376196108,37,0,104.0,,5,0,0,0,0.0,0
0.266329338,39,0,0.035672642,27443.0,6,0,0,0,0.0,0
0.117363562,66,0,0.578457213,5690.0,13,0,1,0,0.0,0
0.910914153,26,0,0.853004292,2795.0,11,0,1,0,2.0,0
0.285591298,41,0,0.746659945,3966.0,11,0,2,0,4.0,0
0.003465874,44,0,0.27074531,5916.0,14,0,1,0,1.0,0
0.996944551,61,0,0.644351464,9320.0,14,0,3,0,1.0,0
0.975347023,43,0,0.4057282,8623.0,9,0,1,0,0.0,0
0.9999999,31,2,0.226395409,5750.0,2,1,1,0,3.0,0
0.069405886,32,0,3.0,,2,0,0,0,0.0,0
0.00892956,36,0,0.359722386,8500.0,8,0,2,0,2.0,0
0.038389115,35,0,0.671180702,4725.0,8,0,1,0,0.0,0
0.074797478,40,0,0.069474442,8333.0,10,0,0,0,0.0,0
0.468016412,52,0,1.342701937,4233.0,19,0,2,0,2.0,0
0.030005728,50,0,0.296116505,13595.0,12,0,2,0,2.0,0
0.213821881,64,0,0.030957523,8333.0,2,0,0,0,0.0,0
0.873897189,25,0,0.160058737,4766.0,5,0,0,0,2.0,0
0.630473905,38,0,0.33145804,4265.0,4,0,1,0,3.0,0
0.020163306,75,0,3.0,,3,0,0,0,0.0,0
0.014373007,66,1,0.121575157,101500.0,17,0,5,0,3.0,0
0.084352594,66,0,0.075745367,2481.0,10,0,0,0,0.0,0
0.013945429,53,0,0.00768935,2600.0,4,0,0,0,1.0,0
0.129147169,59,0,0.33664173,13500.0,17,0,2,0,0.0,0
0.301697493,58,0,4797.0,,14,0,1,0,0.0,0
0.9999999,60,0,0.115722508,3300.0,4,0,0,0,0.0,0
0.035421861,77,0,0.233629066,7100.0,13,0,2,0,0.0,0
0.159853254,63,0,0.268056303,13000.0,19,0,2,0,0.0,0
0.409985282,69,1,0.279980823,14600.0,15,0,2,0,0.0,1
0.055685288,54,0,0.643365463,11100.0,11,0,2,0,0.0,0
0.783038063,52,1,0.383254587,9100.0,10,0,2,0,1.0,1
0.786561792,38,0,0.584773604,7000.0,8,0,2,0,3.0,0
0.0,58,0,0.063041615,10500.0,9,0,1,0,0.0,0
0.082218568,74,0,54.0,,2,0,0,0,,0
0.010675933,70,0,0.14212375,3700.0,8,0,1,0,0.0,0
0.064228029,70,0,0.233862204,4600.0,12,0,1,0,0.0,0
0.25689483,51,5,0.336163928,5416.0,10,0,1,0,3.0,0
0.010923661,58,0,3216.0,,9,0,1,0,0.0,0
0.626728352,56,0,0.263109686,13100.0,14,0,1,0,1.0,0
0.007450386,60,0,1500.0,,9,0,1,0,0.0,0
0.0,42,0,0.522154056,4400.0,9,0,1,0,1.0,0
0.9999999,72,0,1535.0,,4,1,2,0,0.0,0
0.940501487,45,0,2155.0,1.0,6,0,2,0,4.0,0
0.222108266,59,0,0.18062281,25400.0,10,0,1,0,1.0,0
0.233937516,34,0,0.156968707,7956.0,5,0,1,0,2.0,0
0.143581412,49,0,0.109937273,3028.0,8,0,0,0,4.0,0
0.954070086,42,0,0.472651967,8208.0,8,0,1,0,0.0,0
0.745389913,25,0,0.12180268,820.0,4,0,0,0,0.0,0
0.010294913,66,0,2.381348876,1200.0,14,0,4,0,0.0,0
1.012250161,39,0,0.402711864,1474.0,10,0,0,0,0.0,1
0.620626984,47,0,0.190587294,15000.0,6,0,0,0,1.0,0
0.073108417,64,0,0.290627816,6657.0,11,0,2,0,0.0,0
0.236746279,52,0,0.647117627,3000.0,11,0,1,0,4.0,0
0.921530446,45,0,0.362306551,9433.0,6,0,1,0,3.0,0
0.49770465,50,1,0.550202884,11582.0,18,0,5,0,1.0,0
0.123095607,45,0,0.818920916,4058.0,24,0,4,0,1.0,0
0.16102705,51,0,0.253718285,8000.0,10,0,2,0,7.0,0
0.123422088,60,0,0.03616064,6000.0,5,0,0,0,0.0,0
0.487300804,69,0,0.299228944,6743.0,9,0,1,0,3.0,0
0.9999999,64,1,190.0,,0,8,0,0,0.0,1
0.004601917,89,0,0.002349256,1276.0,5,0,0,0,0.0,0
0.020783908,55,0,0.673492349,4443.0,22,0,2,0,0.0,0
0.9999999,49,0,0.903834808,1694.0,4,0,1,0,0.0,0
0.474193855,45,0,0.374513943,9000.0,10,0,1,0,3.0,0
0.969763954,46,0,0.511126524,17300.0,19,0,5,1,4.0,0
0.61700766,52,1,4.004497751,2000.0,25,0,2,0,0.0,0
0.09617986,37,0,0.669064748,4725.0,9,0,2,0,0.0,0
0.047814322,68,0,0.247135316,15533.0,17,0,2,0,1.0,0
0.150466803,45,0,3322.0,,9,0,3,0,0.0,0
0.214778458,37,0,0.425913694,9083.0,15,0,2,0,3.0,0
0.049590517,74,0,2013.0,,11,0,2,0,1.0,0
0.054678643,44,0,5390.0,,7,0,3,0,1.0,0
0.547659012,42,0,0.21193267,18000.0,9,0,2,0,3.0,0
0.01685078,52,0,0.493617021,2584.0,12,0,1,0,0.0,0
0.0,44,0,0.09983906,70833.0,7,0,1,0,2.0,0
0.336538871,65,0,0.239903846,8319.0,9,0,2,1,2.0,0
0.278891883,62,0,0.429077018,17800.0,14,0,4,0,1.0,0
0.170317541,43,0,0.273072693,10000.0,10,0,2,0,0.0,0
0.488073132,54,0,0.285142971,5000.0,8,0,2,0,0.0,0
0.49948783,40,0,0.361878849,6982.0,5,0,3,0,0.0,0
0.0,71,0,0.29773226,4100.0,8,0,2,0,0.0,0
0.439684124,64,0,0.00400261,582369.0,11,0,0,0,1.0,0
0.045595905,52,0,0.238376162,10000.0,15,0,2,0,0.0,0
0.0,34,0,526.0,,5,0,1,0,0.0,0
0.967206559,48,0,0.383248167,4500.0,5,0,2,0,1.0,0
0.707967283,24,0,0.465534466,1000.0,3,0,0,0,2.0,0
0.13031487,46,0,0.106578684,5000.0,4,0,0,0,2.0,0
0.708139886,70,0,0.626589719,9356.0,14,0,5,0,0.0,0
0.052186098,63,0,0.189641042,6100.0,10,0,1,0,1.0,0
0.36535316,60,0,0.47458236,5566.0,15,0,1,0,0.0,0
0.049598196,66,0,0.192802057,3500.0,4,0,1,0,1.0,0
0.441167264,65,3,5487.0,,15,1,2,0,0.0,0
0.315022517,44,1,0.4552766,9200.0,11,0,2,0,0.0,0
1.148086522,25,1,565.0,,1,0,0,0,0.0,1
0.81851657,33,2,0.586503749,3600.0,6,0,2,0,1.0,0
0.839859553,48,0,0.329844413,3534.0,9,0,2,0,1.0,0
0.9999999,29,0,0.259067358,5210.0,3,3,0,2,1.0,1
0.118072382,77,0,0.013497301,6667.0,9,0,0,0,1.0,0
0.062730467,55,0,1327.0,,9,0,1,0,0.0,0
0.333644424,63,0,2317.0,,5,0,2,0,0.0,0
0.161308551,31,1,33.610994,6166.0,14,0,2,0,2.0,0
0.00587775,59,0,0.149120949,18883.0,9,0,1,0,1.0,0
0.746804018,62,0,0.382289417,8333.0,11,0,3,0,1.0,0
1.029910443,31,1,355.0,,3,0,0,0,0.0,0
0.202833194,30,0,0.044634598,4323.0,5,0,0,0,1.0,0
0.083396986,39,0,451.0,,3,0,0,0,0.0,0
0.679813777,67,0,0.786053487,4000.0,9,0,2,0,0.0,0
0.875161508,54,0,0.204578097,11139.0,15,0,0,0,1.0,0
0.30793977,56,0,0.409504663,17906.0,26,0,2,0,3.0,0
0.661077072,35,0,0.224993437,3808.0,7,0,0,0,0.0,0
0.079565341,80,0,0.02416264,6000.0,8,0,0,0,1.0,0
0.263771916,41,0,0.273180627,11830.0,6,0,1,0,1.0,0
0.106782247,47,0,0.468740741,3374.0,5,0,1,0,0.0,0
0.088658223,36,0,0.226616307,4500.0,4,0,2,0,0.0,0
0.097448879,50,0,3350.0,,7,0,1,0,,0
0.047686194,61,0,906.0,,5,0,1,0,0.0,0
0.951598654,55,0,0.554855251,9360.0,27,0,2,0,0.0,0
0.06781117,71,0,0.332303218,5500.0,19,0,2,0,1.0,0
0.499626503,61,3,0.845618108,6891.0,18,1,1,1,0.0,0
0.018448897,53,0,0.215361818,12146.0,4,0,1,0,2.0,0
0.017617864,62,0,0.234790698,5374.0,13,0,1,0,0.0,0
0.0,35,0,0.024092944,10500.0,3,0,1,0,0.0,0
1.032423939,40,0,0.558905281,4676.0,5,1,1,0,2.0,1
0.591541406,54,10,0.298233922,3000.0,12,0,0,0,0.0,0
0.022907425,59,0,0.489014166,6917.0,7,0,1,0,0.0,0
0.157858672,43,0,0.24573136,7027.0,9,0,1,0,2.0,0
0.436656417,48,1,0.382193912,13500.0,11,0,2,0,1.0,0
0.088168148,41,0,0.208270764,8656.0,10,0,1,0,0.0,0
0.494789762,54,0,0.620442708,1535.0,11,0,1,0,0.0,0
0.04963112,44,1,2942.0,,10,0,2,0,0.0,0
0.0,54,0,0.154569892,4463.0,5,0,1,0,1.0,0
0.107436765,57,0,0.545290942,6667.0,17,0,2,0,0.0,0
0.3729784,48,0,0.46522217,12737.0,9,0,2,0,3.0,0
0.9999999,42,0,0.0,,0,1,0,0,0.0,0
0.212669683,68,0,1148.0,,7,0,1,0,1.0,0
0.123587641,49,0,0.338559814,8609.0,5,0,2,0,3.0,0
1.091908092,42,0,0.068450849,3885.0,4,0,0,0,4.0,1
0.023248838,78,0,0.211496407,3200.0,7,1,1,1,0.0,0
0.47415727,62,0,0.909584345,7000.0,13,0,5,0,0.0,0
0.06688061,26,0,0.054934714,8500.0,14,0,0,0,3.0,0
0.675750251,40,1,0.628097242,8555.0,13,0,3,0,2.0,0
1.073202332,43,3,0.399075638,11250.0,10,1,1,1,3.0,1
0.974008664,41,1,0.214575927,3937.0,8,0,0,0,0.0,0
0.018851224,38,0,0.142208087,2200.0,15,0,0,0,0.0,0
0.040873978,52,0,0.237259708,7750.0,8,0,2,0,1.0,0
0.016298587,79,0,0.23059916,4522.0,8,0,1,0,0.0,0
0.9999999,46,1,0.0,2000.0,1,0,0,0,0.0,0
0.387098627,47,2,0.220788795,5425.0,15,0,1,0,2.0,0
0.817591204,23,0,0.255670896,2600.0,4,0,0,0,0.0,0
0.747747352,30,1,0.148495086,6511.0,4,0,0,0,0.0,0
0.332905865,64,0,0.484888943,8238.0,16,0,2,0,3.0,0
0.191083605,60,0,0.312241108,7000.0,9,0,1,0,0.0,0
0.371739754,58,0,0.080833865,4700.0,8,0,0,0,0.0,0
0.369893648,63,0,0.852215406,7334.0,7,0,2,0,0.0,0
0.887009383,34,0,0.153382838,12119.0,6,2,0,0,0.0,0
0.017188555,56,0,0.015471586,3360.0,16,0,0,0,1.0,0
0.003739297,42,0,2082.0,,9,0,1,0,0.0,0
0.852155892,50,0,0.358771298,12500.0,8,0,1,0,2.0,0
0.066928871,35,0,0.611050027,3637.0,5,0,1,0,2.0,0
0.747178118,41,0,0.452769298,11464.0,13,0,1,0,1.0,0
0.019958369,67,0,666.0,,8,0,0,0,0.0,0
0.584401155,39,1,0.186856568,12918.0,9,0,1,0,2.0,0
0.683709969,39,0,0.518183012,7616.0,11,0,2,0,3.0,0
0.99620076,23,0,0.077961019,2000.0,3,0,0,0,0.0,1
0.888423846,49,0,0.27189169,8050.0,24,0,1,0,0.0,0
0.027088417,64,0,2523.0,,17,0,1,0,0.0,0
0.015801142,68,0,0.302431266,4400.0,11,0,2,0,0.0,0
0.000769172,59,0,4.340599455,1100.0,14,0,3,1,0.0,0
0.511479561,52,1,0.820727046,11250.0,7,0,2,0,2.0,0
0.979002333,53,3,0.3642413,9166.0,6,1,0,3,1.0,0
0.133241672,47,0,0.231077064,8745.0,2,0,1,0,3.0,0
0.252745291,63,1,2290.0,,7,0,1,0,0.0,1
0.848006333,30,0,0.121632728,10950.0,5,0,0,0,0.0,0
0.40684771,61,1,2247.0,,6,0,1,0,0.0,0
0.180213038,72,1,0.441809291,4089.0,10,1,0,2,0.0,0
0.870194794,67,0,0.180161943,2963.0,2,0,0,0,0.0,0
1.249405045,26,2,0.215937039,2032.0,6,0,0,1,0.0,1
0.648351648,27,0,19.0,,2,2,0,0,2.0,0
0.050394961,53,0,0.42284264,5909.0,4,0,2,0,3.0,0
0.91754834,33,0,0.07774756,6250.0,3,1,0,1,0.0,0
0.052057197,42,0,104.0,,7,0,0,0,0.0,0
0.018273641,39,0,0.254102437,6032.0,14,0,1,0,1.0,0
0.28238823,45,0,0.323256751,2480.0,6,0,0,0,0.0,0
0.023477125,37,0,0.2753711,3300.0,16,0,0,0,2.0,0
0.897921631,80,0,0.240199947,3800.0,8,0,0,0,0.0,0
0.284173514,69,0,0.494900698,3725.0,9,0,2,0,0.0,0
0.569553881,39,3,0.322425659,7700.0,8,0,1,0,5.0,0
0.355181308,47,0,2283.0,,9,0,2,0,0.0,0
0.749375019,60,2,0.724186209,5713.0,28,0,4,2,0.0,0
0.027272039,65,0,1220.0,,6,0,2,0,0.0,0
0.237918808,53,0,0.271337832,10075.0,9,0,2,0,0.0,0
0.295405568,63,1,1575.0,,2,0,1,0,,0
0.302281519,52,0,4059.0,,10,0,4,0,0.0,0
0.75751783,33,1,0.346750417,7800.0,11,0,1,0,0.0,0
0.222918462,46,1,0.226949403,7450.0,5,0,2,0,4.0,0
0.04947108,38,0,598.0,,8,0,0,0,3.0,0
0.042508447,89,0,1.34429949,1762.0,20,0,1,0,0.0,0
0.057819889,72,0,0.027192749,3750.0,15,0,0,0,0.0,0
0.665433364,67,0,0.221529671,7700.0,10,0,1,0,0.0,0
0.071077157,58,0,0.308292098,6668.0,8,0,1,0,0.0,0
0.034843657,66,0,0.311952415,12440.0,9,0,1,0,0.0,0
0.433120529,58,0,0.02480898,10600.0,4,0,0,0,0.0,0
0.01251681,86,0,0.004997501,2000.0,3,0,0,0,0.0,0
0.701808089,37,0,0.616345914,4000.0,7,0,1,0,1.0,0
0.258028309,51,0,0.43742503,2500.0,13,0,1,0,2.0,0
0.358905523,62,0,9.262316911,1501.0,7,0,1,0,0.0,0
0.298666383,47,0,1.120732723,1200.0,10,0,1,0,1.0,0
0.055875204,46,0,0.337415646,4000.0,5,0,0,0,1.0,0
0.612320651,57,0,0.141190007,6083.0,12,0,1,0,0.0,0
0.9999999,45,0,0.273911553,5833.0,4,0,2,0,2.0,0
0.293705222,59,0,1070.0,,8,0,0,0,0.0,0
0.960351404,53,3,0.193321918,5839.0,5,0,0,2,4.0,0
0.993006993,31,0,0.594628357,1600.0,4,0,1,0,2.0,0
0.0,33,0,0.443611371,3200.0,10,0,0,0,0.0,0
0.229235132,76,0,0.379048381,2500.0,6,0,1,0,0.0,0
0.223658694,42,0,0.189615857,5700.0,7,0,0,0,3.0,0
0.156578248,75,0,0.25294941,5000.0,8,0,1,0,0.0,0
0.0,41,0,4013.0,,4,0,1,0,0.0,0
0.495084546,28,0,0.214781543,2448.0,7,0,0,0,0.0,0
0.280168565,70,0,0.254248584,3000.0,2,0,1,0,1.0,0
0.346545724,67,0,2900.0,,6,0,2,0,,0
0.043080555,63,0,37.0,,3,0,0,0,,0
0.836967088,29,0,0.206431986,2300.0,4,0,0,0,0.0,0
1.877076412,31,1,0.424867229,3200.0,5,0,2,2,0.0,1
0.309805852,30,0,0.599034649,5800.0,9,0,3,0,0.0,0
0.055906499,69,0,1068.0,,11,0,1,0,0.0,0
0.435029018,74,1,0.307357088,3900.0,7,0,1,0,0.0,0
0.0,46,0,0.278906093,4972.0,5,0,2,0,2.0,0
0.056838932,63,0,0.515023112,2595.0,4,0,1,0,0.0,0
0.02675893,73,0,0.583676834,1212.0,8,0,2,0,0.0,0
0.0,67,0,0.021000276,7237.0,3,0,0,0,0.0,0
0.018854602,50,0,0.441158272,8080.0,9,0,2,0,2.0,0
0.290141972,61,1,0.248953001,2148.0,7,0,0,0,0.0,0
0.265283475,48,0,0.385107099,17833.0,12,0,2,0,4.0,0
0.068723282,55,0,0.257537123,6666.0,19,0,1,0,1.0,0
0.123314942,67,0,0.675735702,1800.0,6,0,1,0,1.0,0
0.05337689,82,0,0.182626215,8437.0,8,0,1,0,1.0,0
0.082393618,75,0,854.0,,7,0,1,0,0.0,0
0.091487415,82,0,0.165804895,2900.0,6,0,0,0,1.0,0
0.002589677,50,0,0.193050193,9064.0,6,0,1,1,2.0,0
0.012924122,28,0,0.405670665,2750.0,7,0,1,0,0.0,0
0.96827954,54,0,522.0,,1,0,0,0,0.0,0
0.82888529,60,2,0.379244958,5800.0,10,0,2,1,0.0,0
0.366278224,53,0,0.224027496,6400.0,12,0,0,0,0.0,0
0.131453104,90,0,0.341185222,4032.0,20,0,1,0,0.0,0
0.02739726,55,1,2532.0,,13,0,2,0,2.0,0
0.781309118,44,0,1605.0,1.0,8,0,2,0,0.0,0
0.835223995,50,5,0.40835223,5291.0,12,2,2,4,0.0,0
0.072800185,66,0,0.958928051,3432.0,9,0,2,0,0.0,0
0.466176564,62,0,0.347741685,7726.0,9,0,2,0,0.0,0
0.112488751,53,1,0.797024793,3024.0,7,0,1,0,0.0,0
0.000714257,67,0,0.0,,5,0,0,0,0.0,0
0.0,48,1,0.344413897,4000.0,6,0,0,3,6.0,1
0.332888926,38,0,0.614234057,6083.0,4,0,1,0,2.0,0
0.495615298,60,1,0.026269459,21583.0,3,0,0,0,1.0,0
0.324779203,42,1,0.138540214,2150.0,3,0,0,0,0.0,0
0.02685984,54,0,677.0,,6,0,1,0,0.0,0
0.548939703,39,0,0.197160568,5000.0,4,0,0,0,1.0,0
0.0,30,0,0.0,1417.0,1,0,0,0,1.0,1
0.9999999,38,2,0.506845101,6500.0,8,0,2,0,2.0,1
0.005082996,60,0,0.062120292,13167.0,26,0,1,0,2.0,0
0.008824835,92,0,159.0,,7,0,1,0,,0
0.0,56,0,0.349235105,4967.0,14,0,1,0,0.0,0
0.002533164,65,0,1.0,,2,0,0,0,,0
0.187341105,30,0,925.0,,12,0,0,0,0.0,0
1.758483034,39,0,231.0,,12,3,0,1,0.0,1
0.265701554,57,0,0.308207418,11647.0,10,0,1,0,1.0,0
0.0,43,1,0.389115911,15416.0,6,0,2,0,0.0,0
0.186198854,50,0,0.201211044,18000.0,4,0,1,0,1.0,0
0.047223437,54,0,2409.0,,9,0,1,0,0.0,0
0.078384159,44,0,1664.0,0.0,9,0,1,0,2.0,0
0.195727009,29,0,107.0,,1,0,0,0,,0
0.0,61,0,0.0,,1,0,0,0,,0
0.9999999,42,1,0.165509581,3600.0,2,1,0,2,3.0,1
0.9999999,45,2,0.096666667,5699.0,1,0,0,0,0.0,0
0.107331544,65,0,0.038392322,5000.0,2,0,0,0,0.0,0
0.514180549,53,0,0.272321881,9866.0,6,0,2,0,1.0,0
0.685466291,49,0,0.880717804,5683.0,8,0,3,0,1.0,0
0.142122933,54,0,2859.0,,18,0,3,0,1.0,0
0.018628039,69,0,597.0,,12,0,0,0,0.0,0
0.121746956,74,0,0.070583351,4816.0,7,0,0,0,0.0,0
0.288065122,53,0,0.395633697,12000.0,12,0,2,0,2.0,0
0.109868133,64,0,0.276344731,5000.0,10,0,2,0,0.0,0
0.922514901,26,1,776.0,,6,0,0,2,0.0,1
0.0,65,0,1256.0,0.0,7,0,1,0,0.0,0
0.369970509,59,0,0.363356665,13000.0,17,0,2,0,1.0,0
0.280775562,47,0,0.479014068,8600.0,8,0,2,0,0.0,1
0.453624026,46,0,0.153170509,30625.0,12,0,2,0,3.0,0
0.073313676,71,1,0.306862146,9821.0,13,0,1,0,0.0,0
0.002363565,47,0,0.189901577,14833.0,8,0,2,0,2.0,0
0.090878495,63,0,0.384783202,7333.0,18,0,1,0,0.0,0
0.711594127,45,1,0.296058269,2333.0,11,0,0,0,0.0,0
0.04633123,66,0,89.0,,7,0,0,0,0.0,0
0.314501308,34,1,0.100233595,4708.0,8,0,0,1,2.0,0
0.000434762,53,0,3473.0,,6,0,2,0,,0
0.037992402,73,0,0.002163566,2310.0,1,0,0,0,0.0,0
0.9999999,56,0,0.058659556,8250.0,2,2,0,1,0.0,1
0.386140336,31,0,0.521304451,4200.0,7,0,1,0,1.0,0
0.057158283,48,1,0.58890185,6000.0,14,0,2,0,2.0,0
0.006613274,46,0,0.616021646,12195.0,17,0,7,0,0.0,0
0.9999999,40,1,0.634687735,2657.0,4,1,1,0,2.0,0
0.294896767,47,1,0.329734053,5000.0,4,0,1,0,3.0,0
0.614146283,50,0,0.505377973,6600.0,11,0,1,0,2.0,0
0.527284601,53,0,4750.0,,10,0,1,0,0.0,0
0.015189318,51,0,1068.0,,8,0,1,0,0.0,0
0.13163482,64,0,0.350521354,7000.0,7,0,1,0,0.0,0
0.125061925,49,0,0.361694391,11000.0,11,0,2,0,1.0,0
0.592640327,28,0,0.15352144,4500.0,7,0,0,0,0.0,0
0.000201789,68,1,40.0,,3,0,0,0,0.0,0
0.17599581,55,0,0.224014918,12333.0,8,0,1,0,1.0,0
0.870156261,64,1,0.625116651,7500.0,23,0,2,1,1.0,0
0.769765421,37,6,1.433628319,3050.0,8,2,1,1,1.0,1
0.442713107,28,0,0.649018882,2700.0,8,0,0,0,0.0,0
0.9999999,22,0,346.0,,1,0,0,0,0.0,0
0.006574118,76,0,896.0,,12,0,1,0,0.0,0
0.012048585,57,0,0.01614143,1300.0,5,0,0,0,2.0,0
0.012468555,67,0,0.197950512,4000.0,6,0,1,0,0.0,0
0.004415317,49,0,0.238714925,4917.0,7,0,2,0,2.0,0
0.018638371,89,0,20.0,,5,0,0,0,,0
0.125580758,49,0,0.69945179,3100.0,11,0,1,0,2.0,0
0.010749013,33,0,0.167350768,8526.0,10,0,1,0,0.0,0
0.285777932,41,0,0.625985602,2916.0,12,0,1,0,2.0,0
0.99575892,56,1,0.853945547,4333.0,24,0,1,0,0.0,1
0.97091262,53,0,0.666949153,5899.0,9,0,2,0,1.0,0
0.0,29,0,0.0,,3,0,0,0,0.0,0
0.045915391,45,0,0.273901135,7666.0,4,0,1,0,0.0,0
0.551229918,73,0,0.322100313,2551.0,3,0,1,0,0.0,0
0.022551992,33,0,0.16789736,10833.0,11,0,2,0,0.0,0
0.00039996,55,0,0.197973604,7500.0,8,0,1,0,2.0,0
0.199336013,44,0,0.55026455,5291.0,7,0,1,0,1.0,0
0.96040396,52,0,574.0,,3,0,0,0,0.0,0
0.133573751,53,0,0.20829167,13000.0,19,0,1,0,3.0,0
0.0,61,0,0.0,1892.0,7,0,0,0,0.0,0
0.332051381,33,0,0.394926294,8750.0,15,0,1,0,1.0,0
0.10910359,62,0,0.51242236,4185.0,18,0,1,0,0.0,0
0.020167728,76,0,0.451212121,3299.0,12,0,1,0,0.0,0
0.378462154,62,0,0.09396567,5650.0,4,0,0,0,0.0,0
0.38225696,48,0,0.410747761,4800.0,11,0,1,0,1.0,0
0.9999999,61,0,0.253266332,8954.0,3,0,2,0,0.0,0
0.017293807,40,0,0.279836008,20000.0,16,0,2,0,3.0,0
1.002307337,31,0,0.244521338,2600.0,5,0,0,0,3.0,0
0.932303085,26,0,0.664167916,1333.0,8,0,1,0,0.0,0
0.631073785,38,0,0.239377985,8166.0,8,0,1,0,2.0,0
0.155300727,37,0,0.567036593,6667.0,10,0,1,0,0.0,0
1.069275818,57,0,0.135081093,4500.0,4,0,0,0,3.0,0
0.73166997,49,0,0.367964956,10500.0,17,0,1,0,1.0,0
0.851376373,55,5,0.542223228,4416.0,12,0,1,2,0.0,0
0.653964153,45,0,0.834027662,6000.0,13,0,2,0,1.0,0
1.139534884,25,2,0.048138056,1100.0,4,2,0,0,0.0,1
0.042348941,62,0,0.988007995,1500.0,7,0,2,0,0.0,0
0.235976402,37,0,0.257774223,10000.0,4,0,1,0,1.0,0
0.299439657,60,0,1583.0,,8,0,1,0,0.0,0
0.521264119,58,2,0.366711773,4433.0,9,0,0,0,1.0,0
0.515397667,75,0,1.653763441,1859.0,9,0,2,0,0.0,0
0.001698081,61,0,0.303076147,3965.0,14,0,2,0,0.0,0
0.025499203,36,0,0.856931608,2704.0,13,0,2,0,2.0,0
0.081727464,45,0,1291.0,0.0,5,0,1,0,3.0,0
0.117152044,64,0,0.318490743,12800.0,12,0,2,0,0.0,0
0.082584809,51,0,0.01789097,4750.0,5,0,0,0,0.0,0
0.030538713,60,0,1047.0,,3,0,1,0,0.0,0
0.255902668,54,0,0.216849489,13400.0,5,0,1,0,5.0,0
0.196476299,64,0,1500.0,,9,0,1,0,2.0,0
0.358680992,44,0,0.252160842,2660.0,8,0,0,0,1.0,0
0.157373458,44,1,0.283277789,5100.0,10,0,1,0,2.0,0
0.021488275,63,0,0.002699865,6666.0,5,0,0,0,0.0,0
0.452898278,48,2,0.587227097,4900.0,11,0,2,0,2.0,0
0.550778076,40,0,0.287658593,4334.0,9,0,0,0,1.0,0
0.0,66,0,0.0,,2,0,0,0,1.0,0
0.045198356,46,1,550.0,,3,0,1,0,0.0,0
0.278160745,35,1,0.057406458,1950.0,2,0,0,0,0.0,0
0.018448763,50,0,0.236676332,10000.0,11,0,1,0,2.0,0
0.239906815,54,0,0.54038282,4283.0,7,0,1,0,0.0,0
0.106118944,34,0,0.904573687,7083.0,7,0,3,0,0.0,0
0.003939889,81,0,0.00239904,2500.0,9,0,0,0,0.0,0
0.0,33,0,0.0,1600.0,1,0,0,0,0.0,0
0.026371419,72,0,0.146487784,9167.0,9,0,1,0,0.0,0
0.9999999,31,0,0.487748851,1305.0,2,0,0,0,0.0,0
0.206356743,63,0,0.301020945,9500.0,12,0,2,0,0.0,0
0.638722555,22,0,4.5,1.0,2,0,0,0,0.0,0
0.234282804,39,0,0.557615712,7280.0,12,0,3,0,0.0,0
0.0,77,0,0.0,,5,0,0,0,,0
0.917755573,47,0,0.184008029,8966.0,4,0,1,0,2.0,1
0.14645623,67,0,0.321488062,1800.0,3,0,0,0,0.0,0
0.135328267,65,0,1368.0,,9,0,1,0,0.0,0
0.0,40,0,2888.0,,6,0,2,0,3.0,0
0.795274424,33,0,0.476952305,10000.0,8,0,2,0,1.0,0
0.434324152,38,0,0.32685165,4576.0,4,0,1,0,2.0,0
0.634867874,56,0,3148.0,,6,0,1,0,0.0,0
0.0,48,0,5043.0,,3,0,2,0,,0
0.25497897,56,0,0.182515694,4300.0,6,0,0,0,1.0,0
0.032127918,80,0,38.0,,6,0,0,0,0.0,0
0.829519661,66,1,0.949025487,2000.0,12,0,1,0,0.0,0
0.949405059,44,4,0.265024734,9500.0,6,0,2,0,3.0,0
0.005907389,34,0,0.473253787,7458.0,5,0,2,0,0.0,0
0.371764347,64,0,0.121153097,7700.0,4,0,0,0,3.0,0
0.3979607,63,0,3702.0,,12,0,2,0,0.0,0
0.652222873,46,0,0.292569985,4750.0,11,0,0,0,0.0,0
0.017737686,80,0,0.190545572,6176.0,6,0,0,0,0.0,0
0.220591391,32,0,0.569252737,2100.0,7,0,1,0,0.0,0
0.069707823,59,0,0.341019873,10667.0,10,0,2,0,1.0,0
0.912208779,47,0,0.412158681,1940.0,9,0,0,0,0.0,0
0.690787701,61,0,1.839300583,1200.0,35,0,2,0,0.0,0
0.71664359,66,1,6060.0,,19,0,5,0,1.0,0
0.259584418,61,3,0.451221088,7738.0,11,0,1,0,3.0,0
0.043713037,58,0,0.226981048,6700.0,9,0,1,0,1.0,0
0.416664358,46,0,0.660667866,5000.0,9,0,1,0,1.0,0
0.159969817,49,0,0.864930345,1650.0,6,0,1,0,2.0,0
0.033265759,71,0,0.129720479,8764.0,10,0,1,0,0.0,0
0.322795341,55,1,23.0,,2,0,0,0,1.0,0
0.134187829,53,0,0.968352789,3854.0,10,0,2,0,3.0,0
0.048490177,57,0,0.248850899,12400.0,17,0,1,0,1.0,0
0.9999999,38,0,0.144834658,3900.0,1,0,0,0,3.0,0
0.957014329,29,0,0.342415985,1100.0,6,0,0,1,2.0,0
0.024151456,80,0,0.988125,4799.0,10,0,2,0,0.0,0
0.051414129,81,0,0.317993457,4584.0,11,0,2,0,0.0,0
0.0,64,0,678.0,,4,0,1,0,0.0,0
0.001450271,31,1,0.096283417,4600.0,6,0,0,0,0.0,0
0.076417737,56,0,0.479122622,7567.0,13,0,3,0,2.0,0
0.119094045,46,0,0.177721702,2773.0,3,0,1,0,0.0,0
0.020189515,85,0,21.0,,6,0,0,0,,0
0.001239784,78,0,22.0,,7,0,0,0,0.0,0
0.487959337,35,0,1.390334572,2420.0,7,0,1,0,0.0,0
0.270886456,53,0,2014.0,,4,0,1,0,,0
0.9999999,24,98,0.0,,0,98,0,98,0.0,1
0.0,41,0,2705.0,,8,0,2,0,0.0,0
0.86277368,46,1,0.207575758,8579.0,9,0,0,0,3.0,0
0.018886209,56,0,0.30108857,8083.0,9,0,1,0,0.0,0
0.038929812,53,0,0.490760234,4274.0,7,0,1,0,0.0,0
0.428709114,56,0,0.347256165,4500.0,10,0,1,0,2.0,0
0.097831228,51,0,0.36490282,8900.0,6,0,1,0,0.0,0
0.015553395,44,7,0.12704148,6918.0,8,0,0,0,0.0,0
0.124801376,62,0,0.566894457,6584.0,15,0,2,0,0.0,0
0.031124605,70,0,61.0,,11,0,0,0,0.0,0
0.039721236,31,0,0.051166438,5100.0,13,0,0,0,0.0,0
0.261885283,44,0,0.351565852,32633.0,10,0,3,0,3.0,1
0.835388204,56,0,0.016796641,5000.0,3,0,0,0,1.0,0
0.444950507,50,0,0.734053189,5000.0,8,0,2,0,3.0,0
0.673817955,35,0,250.0,1.0,4,0,0,0,1.0,0
0.052943529,63,0,0.010319174,4166.0,2,0,0,0,0.0,0
0.157108972,58,0,904.0,,9,0,1,0,0.0,0
0.13334023,49,0,0.296425894,4000.0,8,0,2,0,1.0,0
0.387365684,71,0,0.516026909,5053.0,10,0,2,0,0.0,0
0.04519774,65,0,0.33863112,3900.0,3,0,2,0,0.0,0
0.020195961,85,0,3.0,,8,0,0,0,0.0,0
0.9999999,45,0,0.309386733,3994.0,5,0,2,0,0.0,0
0.595152206,40,0,1501.0,,5,0,1,0,1.0,1
0.9999999,47,0,143.0,,0,4,0,0,0.0,1
0.002768336,63,0,746.0,,12,0,1,0,0.0,0
0.00169073,84,1,0.000425441,4700.0,7,0,0,1,0.0,0
0.2342448,31,0,0.173132798,5850.0,14,0,0,0,1.0,0
0.306948842,41,0,0.439170722,15000.0,14,0,2,0,4.0,0
0.021933853,65,0,0.196030416,7758.0,20,0,1,0,0.0,0
0.013301512,46,0,0.214946863,8750.0,5,0,1,0,3.0,0
0.096991461,41,0,0.271092405,5226.0,6,0,1,0,0.0,0
0.9999999,27,0,0.0,2000.0,0,1,0,1,0.0,1
0.9999999,31,0,983.0,,4,0,1,0,2.0,0
0.023127678,45,0,1754.0,,12,0,1,0,0.0,0
0.0,76,0,0.0,,4,0,0,0,0.0,0
0.950381202,28,0,0.404106935,2580.0,6,0,0,0,1.0,0
0.9999999,33,1,0.266589729,1732.0,2,0,0,0,0.0,1
0.0,34,0,1.67061436,1350.0,6,0,1,0,0.0,0
0.890578591,41,3,0.387021475,6425.0,10,0,1,0,2.0,0
0.041665448,46,0,0.205349905,3700.0,6,0,1,0,0.0,0
0.007920481,63,0,0.07398943,7000.0,13,0,0,0,0.0,0
0.036606053,65,0,36.0,,2,0,0,0,0.0,0
0.417072745,58,0,0.758589347,5500.0,17,4,1,2,1.0,1
0.0,40,0,0.219134828,3166.0,5,0,1,0,1.0,0
0.220293638,62,0,0.265243716,16350.0,10,0,1,0,0.0,0
0.030417897,54,0,0.337017576,16556.0,10,0,3,0,2.0,0
0.290835458,44,0,260.0,,4,0,0,0,0.0,0
0.0,66,0,0.213907674,6801.0,4,0,1,0,0.0,0
0.02937194,68,0,0.003331945,2400.0,3,0,0,0,0.0,0
0.95448799,49,2,6102.0,,8,2,2,0,0.0,1
0.513486513,23,0,27.0,0.0,3,0,0,0,0.0,0
0.001333306,92,0,0.000285633,3500.0,5,0,0,0,0.0,0
0.026946302,45,0,0.215652671,3500.0,10,0,1,0,1.0,0
0.410474067,49,1,0.487641185,6108.0,12,0,2,0,0.0,0
0.552222389,51,0,0.422300635,7084.0,8,0,2,0,1.0,0
0.748067883,63,1,0.590440487,3200.0,9,0,1,0,2.0,0
0.933451193,66,0,0.154284572,10000.0,5,0,0,0,0.0,0
0.000826412,36,1,0.07571116,6854.0,10,0,0,0,4.0,0
0.182798326,65,0,0.102419355,3719.0,10,0,0,0,0.0,0
0.110377512,51,0,0.619532199,6583.0,12,0,3,0,0.0,1
0.24625028,44,2,0.350329934,5000.0,19,0,1,0,0.0,0
0.071464268,25,0,0.605780347,864.0,3,0,0,0,0.0,0
1.027746532,37,1,0.670195871,5666.0,9,0,2,0,2.0,0
0.075010265,82,0,0.375446574,6157.0,21,0,3,0,1.0,0
0.0,42,0,0.0,1855.0,2,0,0,0,0.0,0
0.9999999,28,2,0.207650273,1280.0,1,2,0,2,0.0,1
0.809273841,60,0,0.397343862,5571.0,5,0,1,0,0.0,0
0.0,52,0,1.048374613,2583.0,14,0,1,0,0.0,0
0.13986014,64,1,0.161382462,3500.0,11,0,0,0,0.0,0
0.9999999,31,0,0.465905034,2800.0,3,0,2,0,2.0,0
0.9999999,65,0,858.0,,2,0,1,0,0.0,0
0.203169176,76,1,0.081765777,6591.0,5,0,0,0,0.0,0
0.256604568,58,0,0.667586969,1810.0,4,0,0,0,0.0,0
0.023038166,72,0,55.0,,8,0,0,0,0.0,0
0.230475317,72,1,0.263295192,16866.0,20,0,4,0,1.0,0
0.125933192,44,1,0.042097878,5700.0,5,0,0,0,0.0,0
0.080411335,63,0,0.232170629,4500.0,9,0,1,0,0.0,0
0.9999999,26,0,30.0,,0,0,0,0,0.0,0
0.014075014,71,0,0.008962427,2900.0,4,0,0,0,0.0,0
0.916527784,44,2,1.552023907,3680.0,19,0,1,0,1.0,0
0.657485143,41,0,0.358477971,2995.0,8,0,0,0,1.0,0
0.9999999,79,0,22.0,,1,0,1,0,0.0,0
0.796407186,29,1,0.128723183,4800.0,4,0,0,0,1.0,0
0.9999999,29,0,0.163706193,2082.0,2,0,0,0,2.0,0
0.380227806,41,0,0.570040486,3704.0,9,0,0,0,0.0,1
0.014786983,39,0,0.202838063,9583.0,3,0,1,0,0.0,0
0.942512067,44,2,0.544862066,11200.0,20,0,3,0,0.0,0
0.036724082,73,0,0.146598905,10231.0,8,0,1,0,0.0,0
0.689843533,38,0,0.185678601,1200.0,2,0,0,1,0.0,0
0.554712119,52,0,0.35106383,8835.0,13,0,0,0,3.0,0
0.016016265,52,0,0.120092825,5170.0,7,0,0,0,0.0,0
0.061281593,65,0,867.0,,4,0,1,0,0.0,0
0.033467067,68,0,1014.0,,3,0,1,0,,0
0.9999999,41,0,1851.0,,4,0,2,1,0.0,0
0.492734197,49,0,0.320853081,8439.0,11,0,2,0,0.0,0
1.010941332,50,0,160.0,,1,0,0,0,0.0,0
0.054109613,45,0,0.434077522,13750.0,14,0,2,0,3.0,0
0.994269551,41,0,2809.0,,5,0,2,0,0.0,0
0.074254722,48,0,0.413262999,6634.0,9,0,2,0,1.0,0
0.328575974,29,0,0.104575163,4130.0,10,0,0,0,0.0,0
0.027624686,60,0,0.280283998,9154.0,11,0,1,0,1.0,0
0.020113736,47,0,0.35579415,2700.0,12,0,1,0,2.0,0
0.402263274,36,0,0.448573254,9391.0,15,0,1,0,1.0,0
0.949022489,32,1,0.428095317,6000.0,11,0,2,0,1.0,0
0.400999503,69,0,0.087215486,4700.0,5,1,0,0,1.0,0
0.003634711,44,1,0.226248776,4083.0,6,0,1,0,0.0,0
0.0,27,0,0.633373934,820.0,2,0,0,0,0.0,0
0.805991441,37,0,1090.0,,8,0,1,0,0.0,1
0.326309592,50,0,0.98960407,4520.0,18,0,1,0,0.0,0
0.09599474,52,0,0.007026078,7400.0,4,0,0,0,1.0,0
0.06742214,74,0,1514.0,,21,0,1,0,0.0,0
1.005994006,43,2,0.790984271,6166.0,8,0,2,0,1.0,1
0.000891868,50,0,0.277526821,7083.0,8,0,1,0,2.0,0
0.013921114,34,0,1.173041218,2692.0,11,0,1,0,0.0,0
0.003550639,73,0,415.0,,11,0,0,0,0.0,0
0.750812459,53,0,0.745512384,4400.0,13,0,2,0,0.0,0
0.304384671,59,1,0.360048744,10667.0,19,0,2,0,0.0,1
0.030642133,43,0,0.38460002,10012.0,8,0,2,0,2.0,0
0.036884037,57,0,900.0,0.0,5,0,1,0,0.0,0
0.518124698,55,0,1.541009464,633.0,12,0,0,0,0.0,0
0.986343072,42,0,0.255304966,9000.0,8,0,1,0,2.0,0
0.554636662,53,0,0.241168971,40000.0,14,0,2,0,3.0,0
0.088622326,45,0,0.226201134,3350.0,4,0,0,0,2.0,0
1.07977208,26,0,0.166014776,2300.0,2,0,0,0,0.0,0
0.284248732,49,0,0.910268714,2083.0,5,0,1,0,3.0,0
0.0,24,0,35.0,0.0,3,0,0,0,0.0,0
0.100240886,39,0,0.4419018,4500.0,10,0,2,0,0.0,0
0.046162445,67,0,5732.0,,10,0,3,0,1.0,0
0.786344194,59,0,0.446610692,21080.0,15,0,2,0,0.0,0
0.993335555,51,0,0.295186194,1100.0,3,0,0,0,1.0,0
0.175782422,29,0,0.014419226,3744.0,4,0,0,0,0.0,0
0.437078146,55,0,0.503461006,2166.0,6,0,1,0,0.0,0
0.002039189,54,0,0.237556312,9100.0,8,0,1,0,2.0,0
0.026770414,41,0,0.409140848,4550.0,9,0,1,0,0.0,0
0.041599021,55,0,0.000147298,835040.0,8,0,0,0,0.0,0
0.013817344,49,1,0.396765878,4266.0,14,0,1,0,0.0,0
0.0,66,0,0.204052098,7600.0,6,0,1,0,3.0,0
0.019762638,75,0,486.0,0.0,6,0,0,0,0.0,0
0.851029794,27,1,1020.0,,8,0,0,0,3.0,0
0.21742443,66,0,0.235344532,5833.0,12,0,0,0,1.0,0
0.0,70,0,0.0,2500.0,1,0,0,0,0.0,0
0.024534818,45,0,0.282101549,5100.0,4,0,1,0,0.0,0
0.047175912,46,0,0.254593176,8000.0,10,0,2,0,3.0,0
0.345648321,62,0,0.371518355,7000.0,13,0,1,0,1.0,0
0.027574583,64,0,4061.0,,11,0,3,0,2.0,0
0.480249139,30,5,0.44939577,2647.0,14,0,1,0,0.0,1
0.109565965,34,0,0.075966851,5791.0,5,0,0,0,0.0,0
0.045374074,56,0,0.385968341,5116.0,4,0,1,0,0.0,0
0.01337392,54,0,0.129181084,2600.0,12,0,0,0,1.0,0
0.036192761,26,0,5.0,,2,0,0,0,,0
0.075022023,48,0,0.278307612,5766.0,13,0,2,0,1.0,1
0.015926694,86,0,13.0,,6,0,0,0,,0
0.115447549,47,0,0.022637014,2517.0,4,0,0,0,0.0,0
0.0,32,0,0.444061962,6390.0,4,0,2,0,0.0,0
0.010225747,89,0,0.076452599,4250.0,10,0,2,0,0.0,0
0.488767004,51,0,0.358948722,7000.0,11,0,0,0,3.0,0
0.566539055,28,0,0.580916031,1309.0,6,0,0,0,0.0,0
0.091988091,77,0,369.0,,8,0,0,0,0.0,0
0.847967329,35,0,17.17821782,100.0,8,0,0,0,0.0,0
0.004070724,75,0,0.002039152,2451.0,5,0,0,0,0.0,0
0.270042715,68,0,0.397923111,4525.0,9,0,1,0,0.0,0
0.355629612,55,2,0.249791319,9583.0,6,0,2,0,1.0,0
0.68358543,62,0,0.23719827,14333.0,16,0,3,0,0.0,0
0.684281127,46,0,0.278181455,15000.0,13,0,2,0,0.0,0
0.86155976,59,0,0.116463737,5666.0,4,0,0,0,1.0,0
0.0,79,0,0.51856018,8000.0,9,0,1,0,0.0,0
0.029586362,37,0,0.422097156,3375.0,11,0,3,0,1.0,0
0.174436511,61,0,0.704053304,7203.0,7,0,1,0,0.0,0
0.008759097,67,0,2504.0,,12,0,2,0,0.0,0
0.098284692,30,0,0.450387051,1420.0,7,0,0,0,0.0,0
0.002302891,61,0,2174.0,,6,0,1,0,0.0,0
0.477798755,28,0,0.272402713,2800.0,5,0,0,0,2.0,0
0.165922272,30,0,2251.0,,11,0,2,0,0.0,0
0.11227237,54,0,0.318268173,10000.0,12,0,2,0,0.0,0
0.032654667,67,0,29.0,,4,0,0,0,,0
0.29121772,40,4,4254.0,,13,0,3,0,2.0,0
0.082861143,36,1,0.064527142,2928.0,2,0,0,0,1.0,0
0.9999999,38,2,53.0,,2,0,0,0,0.0,0
0.168080338,48,0,0.351945854,6500.0,11,0,2,0,3.0,0
0.014772044,87,0,0.007993441,4878.0,12,0,0,0,0.0,0
0.542812768,47,0,0.706597613,4440.0,10,0,1,0,3.0,1
0.15329643,36,0,0.259674033,10000.0,11,0,1,0,1.0,0
0.9999999,48,1,0.42785114,4164.0,7,0,2,0,2.0,0
0.959760015,60,0,0.218668276,4970.0,3,0,0,0,0.0,0
0.284273309,57,0,0.217627762,11583.0,3,0,1,0,3.0,0
0.201966339,38,0,1314.5,1.0,5,0,1,0,2.0,0
0.285204757,45,1,0.851429714,5000.0,10,0,2,0,1.0,0
0.738596446,58,0,1.966292135,800.0,8,0,1,0,0.0,0
0.0,23,0,0.0,898.0,2,0,0,0,0.0,0
0.551858922,32,0,4633.0,,6,0,3,0,2.0,0
0.995950101,53,0,0.421786702,8316.0,3,0,1,0,0.0,1
0.542078132,41,0,0.606435194,5500.0,10,0,2,0,0.0,0
0.92118416,52,3,1334.0,,6,0,0,2,0.0,0
0.015720839,87,0,0.002464403,3651.0,6,0,0,0,0.0,1
0.469712803,51,0,1758.0,,6,0,1,0,2.0,0
0.159627135,57,0,0.27504056,11710.0,18,0,1,0,0.0,0
0.937242798,65,0,0.662911612,1153.0,6,0,1,0,0.0,0
0.043173461,56,1,0.155514536,4333.0,9,0,1,0,1.0,1
0.0,70,0,0.010757137,2416.0,11,0,0,0,0.0,0
0.021459977,38,0,1.149528706,2333.0,10,0,2,0,1.0,0
0.001223926,53,0,0.211002026,6416.0,8,0,1,0,3.0,0
0.407724337,69,0,0.313948205,2200.0,7,0,0,0,0.0,0
0.671535643,54,0,0.653421442,11500.0,16,0,2,0,4.0,1
0.667656434,63,0,0.215905127,5733.0,7,0,0,0,0.0,0
0.403263869,54,1,0.293024696,12916.0,8,0,1,0,0.0,0
0.217267084,48,0,3843.0,,13,0,1,0,0.0,0
0.017667696,92,1,0.135820532,4100.0,5,0,0,0,0.0,0
0.124721351,65,0,0.221459982,5684.0,12,0,1,0,0.0,0
0.9999999,35,1,0.900911497,3400.0,6,0,2,0,0.0,1
0.155427143,50,0,0.364393939,5279.0,18,0,0,0,1.0,0
0.117250231,54,0,0.333525678,1732.0,6,0,1,0,0.0,0
0.071421865,51,0,0.103843947,12200.0,8,0,1,0,2.0,0
0.61342054,38,0,0.406455298,3500.0,11,0,0,0,3.0,0
0.051782016,53,0,0.009349955,2245.0,3,0,0,0,0.0,0
0.919858483,56,0,0.524492234,2510.0,18,0,1,0,0.0,0
0.9999999,58,2,0.303657829,5166.0,2,0,1,0,0.0,0
0.553630913,22,0,0.025806452,929.0,2,0,0,0,0.0,0
0.130749452,27,0,0.088916563,4014.0,2,1,0,0,0.0,0
0.0,44,0,0.0,1833.0,6,0,0,0,1.0,0
0.9999999,34,1,0.132746901,2500.0,3,0,0,0,1.0,0
0.0,77,0,0.0,0.0,3,0,0,0,0.0,0
0.84717608,23,1,0.003997716,1750.0,1,0,0,0,0.0,1
0.9999999,35,0,0.559466667,1874.0,2,0,1,1,1.0,0
0.142696511,51,0,1.155922039,2000.0,10,0,2,0,0.0,0
0.0,33,0,0.508375819,5491.0,11,0,2,0,0.0,0
0.046289668,54,1,0.352760736,5541.0,16,0,2,0,0.0,0
0.739574034,36,0,0.642796103,5850.0,7,1,1,0,0.0,0
0.101081142,40,0,2541.0,,8,0,2,0,0.0,0
0.02551949,68,0,1551.0,,8,0,1,0,0.0,0
0.299898776,29,0,0.43818596,4828.0,11,1,1,0,1.0,0
0.323301475,50,0,0.264797314,16083.0,7,0,2,0,0.0,0
0.209954672,68,0,0.513371657,4000.0,14,0,1,0,0.0,0
0.22199962,46,0,0.417752548,7750.0,8,0,2,0,2.0,0
0.094318791,62,0,0.462507499,5000.0,8,0,1,0,0.0,0
0.030933616,58,0,0.008618128,3364.0,2,0,0,0,0.0,0
0.112864385,58,0,1995.0,,11,0,2,0,0.0,0
0.0190807,45,0,0.453874945,9083.0,6,0,1,0,2.0,0
0.195644928,32,0,0.035327445,6000.0,3,0,0,0,0.0,0
0.9999999,22,3,0.162918541,2000.0,3,1,0,0,1.0,0
0.590419049,50,0,0.611760986,3162.0,8,0,2,0,0.0,0
1.043912176,31,1,0.153711572,4000.0,4,2,0,0,4.0,0
0.022336309,25,0,0.442630185,4531.0,7,0,1,0,0.0,0
0.324539653,46,0,1887.0,,6,0,1,0,3.0,0
0.688629504,56,1,0.498662591,7850.0,14,0,2,0,2.0,0
0.004831425,62,0,0.205622696,11666.0,13,0,1,0,0.0,0
0.09310959,45,0,0.332111315,6000.0,5,0,1,0,5.0,0
0.000812449,46,0,0.188362328,3333.0,8,0,1,0,0.0,0
0.236718216,82,0,0.527490699,7256.0,25,0,1,0,0.0,0
0.0,53,0,0.198218263,1795.0,8,0,0,0,2.0,0
0.0,50,0,0.0,1916.0,3,0,0,0,0.0,0
0.058798738,66,0,0.036043147,3800.0,8,0,0,0,0.0,0
0.060616509,27,0,27.0,,3,0,0,0,0.0,0
0.033708851,41,0,0.408706353,6500.0,9,0,1,0,2.0,0
0.0,70,0,0.220702838,6800.0,6,0,1,0,1.0,0
0.658039032,60,0,0.307669233,10000.0,8,0,1,0,0.0,0
0.407706114,65,0,0.095255408,5500.0,4,0,0,0,0.0,0
0.072027615,70,0,0.558229066,4155.0,18,0,1,0,0.0,0
0.9999999,33,0,0.47050983,3000.0,5,0,1,0,3.0,0
0.356322788,60,3,1422.0,,10,0,2,0,0.0,1
0.354659792,67,0,1297.0,,7,0,0,0,0.0,0
0.018381237,73,0,0.482313134,3250.0,11,0,1,0,1.0,0
0.102746535,70,0,0.223490943,19266.0,15,0,2,0,1.0,0
1.851254132,39,0,1.041999687,6380.0,10,0,2,0,0.0,0
0.064717855,81,0,0.104965012,3000.0,5,0,0,0,0.0,0
0.943032397,63,0,0.639556152,8200.0,20,0,2,0,0.0,0
0.017999507,60,0,427.0,,7,0,1,0,,0
0.891108891,35,0,0.317105263,3799.0,4,0,1,0,2.0,0
0.068959794,60,0,0.381348511,2283.0,8,0,0,0,1.0,0
0.021913178,48,0,0.19837355,7500.0,7,0,1,0,1.0,1
0.052475979,70,0,0.014394242,2500.0,10,0,0,0,0.0,0
0.64411801,29,0,0.524495101,5000.0,9,0,2,0,0.0,0
0.000564693,68,0,466.0,,6,0,0,0,0.0,0
0.329245535,67,0,0.255866554,3536.0,7,0,3,0,0.0,0
0.064028908,46,0,0.24062075,12500.0,15,0,1,0,0.0,0
0.414352366,30,2,0.029506438,1863.0,3,0,0,0,0.0,1
0.00494161,78,0,0.469360568,2251.0,15,0,1,0,0.0,0
0.311716542,51,4,0.464680142,4798.0,10,0,1,0,1.0,0
0.080634898,48,0,0.131345763,10833.0,5,0,2,0,4.0,0
0.368911082,58,0,0.658709937,7456.0,16,0,1,0,1.0,0
0.878671775,38,1,0.175058924,4666.0,4,2,0,5,0.0,0
0.137471823,46,0,0.685682575,4504.0,13,0,3,0,1.0,0
0.901475488,32,1,0.045795171,1200.0,2,0,0,0,1.0,0
0.101446335,47,0,105.0,,2,0,0,0,0.0,0
0.197312538,42,0,0.160147889,15416.0,6,0,1,0,1.0,0
0.024716822,44,0,0.210775607,5066.0,12,0,1,0,0.0,0
0.906381727,50,0,5317.0,,16,0,2,0,2.0,0
0.090336571,84,0,0.024665402,19500.0,17,0,0,0,0.0,0
0.0,24,0,0.006283919,3500.0,4,0,0,1,2.0,0
0.429736694,39,3,3359.0,,14,0,2,0,0.0,0
0.483379297,47,0,0.541908276,5690.0,14,0,2,0,2.0,0
1.016474588,44,1,0.184951395,7920.0,3,0,0,0,1.0,0
0.354754272,67,0,1815.0,,9,0,1,0,0.0,0
0.387164903,62,0,0.467677425,10750.0,14,0,2,0,0.0,0
0.430000604,41,0,0.486051395,10000.0,15,0,2,0,0.0,0
0.505072569,41,0,0.2413212,8900.0,9,0,1,0,3.0,0
0.899431733,66,0,0.480241588,5794.0,8,0,2,0,0.0,0
0.9999999,51,0,0.081263416,3260.0,1,0,0,0,1.0,0
0.014291814,46,0,18.0,,8,0,0,0,0.0,0
0.066891663,51,0,0.065352872,5936.0,4,0,0,0,0.0,0
0.9999999,33,0,1.087982404,5000.0,5,0,4,0,0.0,0
0.325568107,73,0,0.133236152,6859.0,8,0,1,0,0.0,0
0.011471816,68,0,0.151056596,15000.0,6,0,1,0,0.0,0
0.909882486,60,0,0.378929686,4166.0,9,0,0,0,0.0,1
0.001634106,63,0,0.07648088,4000.0,7,0,0,0,0.0,0
0.020361295,64,0,0.08885116,5300.0,9,0,1,0,0.0,0
0.9999999,47,3,0.259990133,2026.0,3,0,0,1,0.0,0
0.033746918,65,0,2347.0,,6,0,1,0,0.0,0
0.060921923,66,0,0.014508656,8201.0,16,0,0,0,1.0,0
0.061746191,45,0,0.265978722,12500.0,21,0,1,0,2.0,0
0.282346679,44,0,0.301960341,17700.0,6,0,2,0,2.0,0
0.182064247,51,0,290.0,,6,0,0,0,0.0,0
0.033720349,58,0,0.139297848,2648.0,6,0,0,0,0.0,0
0.0,55,0,1471.0,,6,0,1,0,0.0,0
0.411458854,62,0,0.328678206,5083.0,7,0,2,0,1.0,0
0.646471624,57,2,0.657375346,5775.0,15,1,0,1,1.0,0
0.0,48,0,0.286639368,10500.0,11,0,2,0,0.0,0
0.067627122,43,0,0.018777796,6070.0,7,0,0,0,2.0,0
0.022145923,63,0,135.0,0.0,7,0,0,0,0.0,0
0.29753342,52,0,0.496484924,6400.0,7,0,3,0,1.0,0
0.279617729,59,2,0.15028584,9095.0,6,0,1,0,1.0,0
0.029613107,23,0,0.002143367,4198.0,5,0,0,0,0.0,0
0.870782304,37,1,1000.0,,4,1,0,1,0.0,0
0.029877646,69,0,0.386485089,5800.0,11,0,2,0,0.0,0
0.338150113,41,1,0.463452566,4500.0,9,0,1,0,3.0,0
0.208121827,36,0,0.442980463,2200.0,5,1,0,1,2.0,1
0.085718894,56,0,0.103249375,5200.0,5,0,1,0,0.0,0
0.600756051,45,0,323.0,,6,0,0,0,0.0,0
0.031785904,39,0,19.0,,8,0,0,0,0.0,0
0.311646014,62,0,0.284895347,7500.0,10,0,1,0,0.0,0
0.006706083,41,0,1.061787642,1666.0,7,0,2,0,2.0,0
0.222515877,38,0,0.295745921,3431.0,5,0,0,0,1.0,0
0.9999999,39,2,0.453234358,4714.0,5,0,1,0,3.0,0
0.545914263,26,0,0.563575791,1800.0,6,0,1,0,0.0,1
0.824903531,41,2,0.5592034,12000.0,8,0,3,0,3.0,0
0.034403523,39,0,0.138272066,5358.0,10,0,0,0,2.0,0
0.038134516,58,0,0.146308949,6000.0,9,0,0,0,0.0,0
1.025750603,61,3,0.336665334,2500.0,8,1,0,1,0.0,1
0.995952702,34,1,0.398240704,2500.0,7,0,0,0,2.0,0
0.14344422,75,0,0.257297995,18600.0,13,0,2,0,1.0,0
0.207642513,62,0,0.191280872,10000.0,6,0,1,0,1.0,0
0.379389659,61,0,0.487477459,4990.0,25,0,1,0,1.0,0
0.166365974,63,0,0.457158728,7200.0,8,0,1,0,0.0,0
0.91830129,56,0,0.336536859,18000.0,12,0,2,0,0.0,0
0.06432778,79,0,0.014384858,7924.0,8,0,0,0,0.0,0
0.9999999,61,0,6.044520548,583.0,3,0,2,0,0.0,0
0.169865984,59,0,0.404449444,8000.0,8,0,3,0,3.0,0
0.522353914,64,0,1.167073984,4500.0,20,0,3,0,0.0,0
0.499250375,29,0,0.136433219,5225.0,2,0,0,0,0.0,0
0.122221498,33,0,0.242651657,3197.0,7,0,0,0,0.0,1
0.0,38,0,0.274793201,11000.0,6,0,1,0,3.0,0
0.137492534,67,0,1.051082033,3973.0,19,0,5,0,0.0,0
0.914208122,28,0,0.281776913,3083.0,4,2,0,1,0.0,1
0.9999999,78,0,179.0,,1,0,0,0,0.0,0
0.046947653,82,0,28.0,,1,0,0,0,,0
0.91606587,61,0,0.248675584,19064.0,9,0,0,0,0.0,0
0.0,36,0,0.230923026,3000.0,3,0,0,0,4.0,0
0.240717286,26,0,0.163480188,3608.0,5,0,0,0,0.0,0
0.121646392,48,0,1262.0,,7,0,1,0,,0
0.052654408,68,0,0.279814385,10774.0,13,0,3,0,1.0,0
0.10961696,47,0,0.126413648,10433.0,5,0,1,0,0.0,0
0.146107157,40,0,0.266479225,3200.0,6,0,0,0,1.0,0
0.066170132,60,0,0.385885151,14296.0,7,0,3,0,1.0,0
0.082141229,38,0,0.068158432,69000.0,8,0,2,0,0.0,0
0.460397868,47,0,0.334896811,7461.0,22,0,4,0,1.0,0
0.007401387,70,0,0.22814725,6600.0,7,0,1,0,0.0,0
0.407647743,52,0,0.936376782,4840.0,15,0,2,0,2.0,0
0.094938384,57,0,0.236189285,4796.0,7,0,1,0,1.0,0
0.205691429,37,0,0.25077698,9330.0,12,0,1,0,2.0,0
0.279796941,39,0,0.123905287,3082.0,4,0,0,0,3.0,0
0.659006779,50,0,0.564160685,7940.0,10,0,3,0,2.0,0
0.288780526,47,2,2930.5,1.0,12,0,2,0,1.0,0
0.9999999,50,0,0.706862092,1500.0,7,0,0,0,0.0,0
0.185349546,77,0,1468.0,,7,0,1,0,0.0,0
0.009999882,57,0,0.224987501,18000.0,11,0,1,0,1.0,0
0.577884423,54,1,0.342705405,3200.0,3,0,1,0,0.0,0
0.494226328,55,1,0.134166325,9763.0,10,0,0,0,1.0,0
0.033766149,54,0,0.162588498,8050.0,10,0,1,0,2.0,0
0.014607346,58,0,0.121344035,7350.0,11,0,1,0,3.0,0
0.181636727,23,0,0.0009995,2000.0,2,0,0,0,0.0,0
0.015012759,72,0,0.079040226,4250.0,18,0,1,0,1.0,0
0.526436298,32,0,0.461886496,10166.0,13,0,2,0,3.0,0
0.126115638,31,0,0.294429708,7916.0,10,0,2,0,1.0,0
0.202477032,48,0,0.235626562,9200.0,10,0,1,0,0.0,0
0.0,34,0,259.0,,4,0,0,0,0.0,0
0.255077604,54,0,0.284821986,1600.0,7,0,0,0,1.0,0
0.14631469,51,0,1066.0,1.0,12,0,2,0,2.0,0
0.027231665,63,0,31.0,0.0,3,0,0,0,0.0,0
0.312358352,64,0,0.437234632,10833.0,8,0,1,0,0.0,0
0.121496151,71,0,0.612253642,2333.0,20,0,0,0,0.0,0
0.024137141,45,0,0.251222041,6750.0,15,0,1,0,2.0,0
0.059884369,62,0,156.0,,5,0,0,0,0.0,0
0.083330688,79,0,0.01028481,7583.0,3,0,0,0,0.0,0
0.500893502,41,0,0.379260751,6952.0,11,0,2,0,2.0,0
0.106573338,51,0,0.266293483,2500.0,4,0,0,0,0.0,0
0.011725384,84,0,24.0,,9,0,0,0,0.0,0
0.402283095,60,0,0.379442065,8638.0,10,0,1,0,0.0,0
0.79070155,47,0,1.085971343,3000.0,8,0,1,0,0.0,0
0.000765214,73,0,0.000369208,5416.0,11,0,0,0,1.0,0
0.014244607,84,0,0.2197982,11000.0,7,0,1,0,0.0,0
1.44795539,27,1,954.0,,4,3,0,1,0.0,1
0.067267706,41,1,1499.0,,10,0,1,0,0.0,0
0.987817492,29,0,2696.0,,5,0,2,0,0.0,0
0.392777498,52,0,0.392321536,5000.0,5,0,1,0,1.0,0
0.050233664,55,0,0.150570521,8500.0,6,0,1,0,2.0,0
0.350164984,40,0,0.560058594,2047.0,5,0,1,0,5.0,0
0.594183741,38,0,0.155352068,3166.0,9,0,0,0,2.0,0
0.003197745,45,0,0.323035393,3333.0,5,0,1,0,0.0,0
0.095559879,68,0,84.0,,4,0,0,0,0.0,0
0.050312168,41,0,0.117403672,11600.0,4,0,1,0,3.0,0
0.072206176,24,0,529.0,,3,0,0,0,0.0,0
0.072780816,28,0,0.713821545,4000.0,13,0,3,0,0.0,0
0.007499531,57,0,0.26074785,5000.0,5,0,1,0,3.0,0
0.339503567,89,1,0.549380248,2500.0,9,3,0,1,0.0,1
0.045178057,35,1,0.086289042,17000.0,9,0,0,0,0.0,0
0.557809064,48,0,0.389697262,14500.0,13,0,2,0,3.0,0
0.082344121,65,0,4432.0,,20,0,2,0,0.0,0
0.476149672,30,1,0.101424106,2878.0,4,0,0,0,0.0,0
0.156301681,31,0,0.044898739,5233.0,6,0,0,0,1.0,0
0.9999999,81,0,0.001363327,4400.0,2,0,0,0,0.0,0
0.052243196,54,0,0.005381332,5388.0,2,0,0,0,1.0,0
0.00242967,58,0,0.279786702,6000.0,17,0,2,0,0.0,0
0.141188966,37,0,0.596839219,6200.0,22,0,2,0,1.0,0
0.031470541,59,0,1319.0,,8,0,1,0,0.0,0
0.204435358,56,1,0.453848717,3000.0,12,0,2,0,2.0,0
0.081934988,40,0,0.339295634,9000.0,9,0,2,0,0.0,0
0.10149812,59,1,0.091863517,8000.0,12,0,0,0,0.0,0
0.207546642,45,0,0.320984866,4426.0,6,0,1,0,3.0,0
0.019484034,61,0,0.003770998,5833.0,4,0,0,0,1.0,0
0.666345401,39,3,0.772498743,3977.0,11,1,1,0,1.0,0
0.233553289,39,0,0.016738403,2090.0,1,0,0,0,2.0,0
0.090577008,59,0,0.2892728,7466.0,17,0,2,0,1.0,0
0.0,57,0,0.060046189,3463.0,4,0,0,0,0.0,0
0.145677086,55,0,0.424715057,5000.0,8,0,1,0,0.0,0
0.066507511,65,0,2748.0,,7,0,1,0,1.0,0
0.084130516,69,0,0.014497584,6000.0,3,0,0,0,0.0,0
0.031837062,65,0,808.0,,10,0,2,0,0.0,0
0.006061436,71,0,0.001002406,4987.0,8,0,0,0,0.0,0
0.003012206,48,0,0.001222086,9000.0,11,0,0,0,0.0,0
0.034217675,50,3,1.141239174,1500.0,8,0,1,0,2.0,0
0.325960764,44,0,0.349460216,2500.0,15,0,0,0,2.0,0
0.100888102,57,0,0.661067115,12500.0,20,0,2,0,0.0,0
0.965894117,61,0,0.264567984,8957.0,7,0,2,0,2.0,0
0.30677812,58,0,0.380873042,3000.0,5,0,0,0,1.0,0
0.701484501,60,0,0.096361569,10553.0,2,0,1,0,1.0,0
0.030991119,61,0,0.225059952,8339.0,14,0,1,0,1.0,0
0.780243951,49,0,3727.0,,5,0,2,0,2.0,0
0.540110227,76,1,0.604207246,2566.0,10,0,0,0,0.0,0
0.109533914,44,0,0.175018333,45000.0,9,0,2,0,4.0,0
0.301769823,66,0,0.28052387,7100.0,5,0,1,0,1.0,0
0.5798178,63,0,0.119355426,10983.0,14,0,0,0,0.0,0
0.052494615,63,0,0.113633199,7180.0,21,0,0,0,0.0,0
0.034850009,29,0,204.0,,8,0,0,0,0.0,0
0.062138757,62,1,0.099790882,11954.0,7,0,1,0,0.0,0
0.0,69,0,0.033322226,3000.0,12,0,0,0,0.0,0
0.120809489,57,0,0.217049033,8891.0,9,0,2,0,2.0,0
0.784729474,57,0,0.129941001,70000.0,11,0,2,0,2.0,0
0.349482526,35,0,0.471752825,10000.0,6,0,1,0,0.0,0
0.0999001,22,0,0.00487013,615.0,3,0,0,0,0.0,0
0.435904273,43,0,0.353206239,5769.0,5,0,1,0,0.0,0
0.156456236,33,0,0.025026814,2796.0,2,0,0,0,0.0,0
0.008303608,83,0,4.0,,10,0,0,0,0.0,0
0.138893154,40,1,0.679182404,4500.0,14,0,1,0,2.0,0
0.9999999,57,0,1809.0,,3,0,2,0,0.0,0
0.9999999,43,1,0.271505376,7439.0,7,0,1,0,4.0,0
0.116687105,48,0,0.267779839,4850.0,6,0,0,0,0.0,0
1.029496313,41,0,0.431526686,4833.0,9,0,2,0,0.0,0
0.898809185,56,0,0.402694453,9500.0,11,0,1,0,2.0,0
0.001849908,61,0,1980.0,,6,0,1,0,0.0,0
0.028988886,75,0,0.248786061,3500.0,7,0,0,0,0.0,0
0.366142075,53,0,5.766763848,2400.0,12,0,1,0,0.0,0
0.158857768,39,0,0.401558594,6800.0,8,0,1,0,2.0,0
0.540956611,63,0,0.42294726,17500.0,19,0,2,0,1.0,0
0.070660522,45,0,1387.0,,3,0,1,0,0.0,0
0.893084572,81,1,0.198708602,4800.0,13,0,0,0,0.0,0
0.9999999,60,0,0.0,4100.0,1,0,0,0,0.0,0
0.147996105,55,0,2549.0,,5,0,2,0,0.0,0
0.301813252,30,1,0.533119086,5600.0,11,0,1,0,3.0,1
0.130986901,84,0,760.0,,3,0,1,0,0.0,0
0.035135877,78,0,0.176455886,4000.0,6,0,0,0,0.0,0
0.42055201,44,0,0.425398001,2700.0,9,0,0,0,1.0,0
0.208063355,38,0,0.371925615,5000.0,10,0,0,0,0.0,0
0.010603218,50,0,0.196610883,9500.0,22,0,1,0,4.0,0
0.109639441,53,0,0.931534233,2000.0,15,0,1,0,0.0,0
0.181204699,25,1,0.710906702,760.0,6,0,0,1,0.0,0
0.012129216,64,0,119.0,,9,0,0,0,0.0,0
0.056494351,40,0,0.085782843,3333.0,2,0,0,0,0.0,0
0.002167732,77,0,0.000476145,10500.0,10,0,0,0,0.0,0
0.057647075,77,0,628.0,,7,0,1,0,0.0,0
0.219901796,74,0,0.51996257,3205.0,13,0,1,0,0.0,0
0.0,40,1,0.144798042,8169.0,9,0,0,0,1.0,0
1.01032989,62,0,0.230145371,6534.0,6,0,1,0,0.0,0
0.008652175,44,0,7065.5,1.0,13,0,3,0,3.0,0
0.727640663,47,0,0.546035684,10480.0,5,0,3,0,5.0,0
0.021552814,65,0,0.229328366,9662.0,19,0,1,0,0.0,0
0.216769912,35,0,0.337066293,10000.0,15,0,2,0,3.0,0
0.9999999,33,0,1786.0,,3,0,1,0,0.0,0
0.9999999,63,0,0.620590353,4166.0,8,0,2,0,1.0,0
2.158596491,61,0,0.591755115,6500.0,12,0,2,0,0.0,0
0.009447624,83,0,4.0,,4,0,0,0,0.0,0
0.9999999,60,0,0.353640894,6220.0,3,0,1,0,0.0,0
0.514217946,54,0,0.135020099,4228.0,6,0,0,0,0.0,0
0.032815456,40,0,1.281997919,960.0,10,0,1,0,2.0,0
0.9999999,56,0,3050.0,,6,0,2,0,0.0,0
0.0,42,1,0.287624272,5833.0,8,0,2,0,3.0,0
0.004746282,54,0,0.446452605,5200.0,11,0,2,0,0.0,0
0.9999999,62,0,0.391387928,2600.0,1,3,0,0,1.0,0
0.176309248,47,0,0.072255078,35000.0,11,0,1,0,1.0,0
0.106581835,55,1,0.261621622,4624.0,9,0,2,0,0.0,0
0.011332647,32,0,0.195893698,11250.0,6,0,1,0,0.0,0
0.087792864,70,0,0.236822146,5273.0,16,0,1,0,0.0,0
0.9999999,35,1,0.117576485,5000.0,5,2,0,1,0.0,0
0.0,29,0,198.0,,3,0,0,0,0.0,0
0.0,44,0,0.0,9500.0,6,0,0,0,1.0,0
0.353262276,31,0,0.595917517,4800.0,12,0,1,0,1.0,0
0.048826831,82,0,141.0,,11,0,0,0,0.0,0
0.046471238,50,0,29.0,,5,0,0,0,1.0,0
0.072953046,54,0,0.176700783,9965.0,6,0,1,0,0.0,0
0.697232569,48,0,1.239458779,3177.0,6,0,2,0,3.0,0
0.017087733,60,0,1411.0,0.0,5,0,1,0,1.0,0
0.0,50,0,3245.0,,8,1,1,0,0.0,0
0.499873424,38,3,0.627945727,4200.0,6,0,1,0,2.0,0
0.026703191,56,0,0.00349965,10000.0,7,0,0,0,0.0,0
0.043397621,67,0,0.22264475,8151.0,8,0,1,0,1.0,0
0.071727782,66,0,432.0,,7,1,0,0,0.0,0
0.043650575,58,0,1558.0,,4,0,2,0,0.0,0
0.01206687,82,0,0.008997751,4000.0,10,0,0,0,0.0,0
0.991471253,59,2,0.274056416,12584.0,14,0,1,1,0.0,1
0.003706568,29,0,262.0,0.0,4,0,0,0,0.0,0
0.418401033,57,0,0.382026091,12417.0,17,0,2,0,0.0,0
0.129823265,46,0,0.71451983,3050.0,16,0,3,0,2.0,0
0.036750603,73,0,47.0,,7,0,0,0,0.0,0
0.014140837,54,0,2949.0,,4,0,1,0,,0
0.383855456,35,0,4834.0,0.0,14,0,1,0,1.0,0
0.998287671,62,1,0.002329086,7298.0,1,0,0,0,4.0,0
0.406711539,49,2,0.675505325,4600.0,19,0,2,0,1.0,0
0.806174717,44,0,0.627418629,6666.0,12,0,2,0,0.0,0
0.0,40,0,0.013063183,3750.0,7,0,0,1,1.0,0
0.021703717,63,0,0.327349788,4010.0,6,0,1,0,0.0,0
0.211433458,43,0,0.535744043,6000.0,6,0,2,0,1.0,0
0.262736863,53,0,0.612797516,5797.0,6,0,1,0,0.0,0
0.001395284,32,0,1462.0,,3,0,1,0,,0
0.043464486,44,0,0.555222253,11000.0,11,0,3,0,2.0,0
0.97102351,55,0,0.354475276,4792.0,12,0,0,0,2.0,0
0.124533859,41,0,0.285652315,9220.0,6,0,1,0,3.0,0
0.454835728,43,0,0.421059129,8100.0,9,0,1,0,1.0,0
0.194234682,53,0,0.189756694,9000.0,6,0,0,0,2.0,0
0.01090876,48,1,0.263582428,15000.0,7,0,2,0,0.0,0
0.064997833,57,0,0.357199472,3784.0,7,0,1,0,1.0,0
0.9999999,49,0,0.331328452,3823.0,10,0,1,0,0.0,0
0.241137943,39,0,0.700341006,4691.0,9,0,2,0,0.0,0
0.037423225,35,0,0.684139422,3700.0,5,0,1,2,2.0,0
0.9999999,54,0,0.036287336,4050.0,0,0,0,0,0.0,0
0.091173606,77,1,0.020636364,10999.0,9,0,0,0,0.0,0
0.881941204,47,0,0.586715867,1625.0,6,1,0,0,0.0,0
0.254706804,44,1,5581.0,,17,0,1,0,3.0,0
0.741607383,47,1,411.0,1.0,7,0,0,0,2.0,0
0.880249382,54,0,0.200573579,5578.0,3,0,0,0,1.0,0
0.31713555,40,0,0.371750342,9500.0,13,0,2,0,1.0,0
0.539656739,61,0,0.625540141,8793.0,18,0,2,0,0.0,0
0.223351066,86,0,601.0,,9,0,0,0,0.0,0
0.009754955,70,0,0.199342826,16433.0,7,0,1,0,2.0,0
0.029459402,57,0,3664.0,,14,0,1,0,2.0,0
0.019689884,57,1,491.0,,7,0,0,0,0.0,0
0.306830263,45,1,0.520773162,4500.0,11,0,1,0,2.0,0
0.404643606,56,0,0.380067568,13615.0,12,0,2,0,2.0,0
0.033927994,71,0,0.006746712,8744.0,6,0,0,0,0.0,0
0.376661569,48,0,646.0,,3,0,0,0,0.0,0
0.461503497,62,0,0.495378052,8437.0,12,0,1,0,1.0,0
0.025809323,78,0,0.065985337,4500.0,14,0,1,0,2.0,0
0.016987836,56,0,0.747161572,4579.0,14,0,1,1,0.0,0
0.123312781,26,0,0.192884446,3400.0,7,0,0,0,0.0,0
0.026343011,56,0,70.0,,1,0,0,0,0.0,0
0.009114109,74,0,352.0,,3,0,0,0,0.0,0
0.006203153,38,0,0.320334958,8000.0,19,0,1,0,1.0,0
0.086938217,43,1,1.129623459,3000.0,5,0,2,0,2.0,0
0.132811651,40,0,0.009651475,3729.0,3,0,0,0,0.0,0
0.128978504,25,0,0.377081945,1500.0,6,0,0,0,0.0,0
0.583649643,63,0,4427.0,,6,0,2,0,0.0,0
0.807685336,40,0,0.240726125,3800.0,5,0,0,0,0.0,0
0.663683818,56,3,0.649481193,3083.0,8,0,1,0,0.0,0
0.20023883,72,0,0.216422729,18583.0,11,0,1,0,0.0,0
0.050449111,48,1,0.248725025,33333.0,17,0,3,0,6.0,0
0.211770052,24,1,0.067880284,3240.0,7,0,0,0,0.0,0
0.0,48,1,907.0,,6,0,2,0,0.0,0
0.334215025,55,0,1813.0,,8,0,1,0,0.0,0
0.804884832,37,2,0.322413104,5005.0,23,0,0,0,2.0,1
0.245439395,38,0,0.18624086,6700.0,7,0,1,0,0.0,0
0.904852121,48,1,0.445622004,3962.0,15,0,2,0,0.0,0
0.087125342,34,0,0.443097133,7916.0,10,0,2,1,0.0,0
0.0,44,0,0.098300131,13000.0,7,0,1,0,2.0,0
0.21897485,54,0,0.28924896,4566.0,11,0,1,0,2.0,0
0.786584467,61,0,1.732325695,2050.0,12,0,3,0,0.0,1
0.0,34,0,0.0,833.0,5,0,0,0,0.0,0
0.232792635,58,0,0.494587843,1200.0,4,0,0,0,0.0,0
0.079113535,51,0,0.581449008,2166.0,22,0,1,0,0.0,0
0.71035747,51,0,0.235552889,5000.0,8,0,0,0,0.0,0
0.513463965,53,0,0.148505114,10167.0,14,0,0,0,0.0,0
0.9999999,42,1,0.047375312,8400.0,3,0,0,0,2.0,0
0.9999999,27,0,0.064623584,1500.0,2,0,0,0,0.0,0
0.782217,56,1,2.759367194,1200.0,11,0,0,0,0.0,0
0.594848404,63,0,1232.0,0.0,4,0,0,0,0.0,0
0.125729893,49,0,0.751112831,5166.0,18,0,1,0,4.0,0
0.054134198,59,0,0.412239826,6437.0,6,0,1,0,1.0,0
0.509412177,38,0,2074.0,,8,0,1,0,0.0,0
0.002878944,51,0,0.159632572,12083.0,20,0,1,0,3.0,0
0.795589463,66,0,1438.0,,3,0,0,0,0.0,0
0.13829768,52,0,4245.0,,10,0,3,0,0.0,0
0.667004678,39,0,0.597834205,5355.0,10,0,2,0,3.0,1
0.095815822,40,0,0.091938708,1500.0,7,0,0,0,2.0,0
0.330669331,26,1,0.104972376,3800.0,3,3,0,0,0.0,0
1.012420479,59,0,0.279920023,3500.0,6,0,0,0,0.0,0
0.416989868,62,0,3232.0,,11,0,2,0,0.0,0
0.925493303,65,0,0.393909967,14416.0,19,0,3,0,0.0,0
0.053369583,67,0,85.0,,5,0,0,0,,0
0.0,28,0,0.44363909,4000.0,6,0,1,0,0.0,0
0.00759981,37,0,8698.0,,9,0,2,0,0.0,0
0.720913006,63,0,0.875024995,5000.0,12,0,0,0,0.0,0
0.396056808,66,0,0.577280305,4198.0,10,0,2,0,0.0,0
0.171746675,82,0,0.072189922,2063.0,9,0,0,0,0.0,0
0.724673274,29,1,0.240882917,3125.0,5,0,0,0,1.0,0
0.032898981,53,0,0.319952948,6800.0,6,0,1,0,2.0,0
0.098900829,46,0,0.037558685,6389.0,11,0,0,0,0.0,0
0.411210861,59,0,0.468734113,5900.0,7,0,1,0,2.0,0
0.016642461,83,0,0.01187905,8333.0,5,0,0,0,0.0,0
0.050307982,78,0,381.0,,7,0,1,0,0.0,0
0.037393886,52,0,0.002519798,8333.0,2,0,0,0,0.0,0
0.900397417,40,0,0.05134357,2083.0,4,0,0,0,0.0,0
0.063785323,43,1,0.358580825,5016.0,18,0,1,0,1.0,0
0.416473153,43,1,0.161032689,5383.0,14,0,0,0,3.0,0
0.274741703,30,0,0.166851811,4500.0,7,0,0,0,0.0,0
0.02429919,45,0,0.797250859,3200.0,7,0,2,1,2.0,0
0.911089529,46,0,0.204243224,9850.0,10,0,0,0,3.0,0
0.035770446,60,0,0.29504715,11770.0,7,0,2,0,2.0,0
0.375278163,68,2,0.457392719,9833.0,14,0,2,0,0.0,0
0.464203233,66,0,0.619228336,1580.0,21,0,0,0,0.0,0
0.096255655,72,0,3.325750682,1098.0,10,0,2,0,0.0,0
0.304490668,52,0,0.808340474,3500.0,10,0,2,0,0.0,0
0.298263379,33,1,0.143104044,8678.0,10,0,1,0,0.0,0
0.018660447,36,0,0.00017854,5600.0,2,0,0,0,0.0,0
0.043519665,45,0,3922.0,,5,0,2,0,3.0,0
0.109424596,64,0,1657.0,,16,0,1,0,0.0,0
0.697006048,35,2,0.886704432,3000.0,14,1,1,0,5.0,0
0.429742614,40,0,0.957660893,25342.0,18,0,8,0,0.0,0
0.9999999,60,0,1340.0,,2,0,1,0,0.0,0
0.232954545,75,1,579.0,,8,0,0,0,0.0,0
0.257156689,46,0,0.247341151,11000.0,19,0,2,0,1.0,0
0.0,30,0,1602.0,,4,0,1,0,0.0,0
0.884436826,52,0,0.878831418,4175.0,5,0,2,0,1.0,0
0.0,63,0,4321.0,,10,0,2,0,0.0,0
0.044326545,75,0,0.300064185,3115.0,7,0,1,0,0.0,0
0.0,25,0,0.071474154,4700.0,2,0,0,0,0.0,0
0.221255891,34,0,0.083966413,2500.0,6,0,0,0,0.0,0
0.050977337,70,0,0.38787071,3000.0,9,0,1,0,4.0,0
0.129014345,54,0,0.397734843,1500.0,14,0,1,0,0.0,0
0.007522621,67,0,0.341010207,3820.0,15,0,2,0,1.0,0
0.05535598,59,1,0.205774029,8416.0,9,0,1,0,1.0,0
0.031259375,50,0,0.049584525,7340.0,5,0,0,0,2.0,0
0.849229165,60,0,0.848819169,5800.0,11,0,2,0,0.0,0
0.007348785,69,0,0.3068,7499.0,7,0,1,0,0.0,0
0.905760918,37,2,0.120297148,8345.0,15,0,0,0,0.0,0
0.0,49,0,2140.0,,6,0,2,0,0.0,0
0.044962531,36,0,0.091984669,6000.0,2,0,0,0,0.0,0
0.988005997,30,0,0.194386259,2386.0,4,0,0,0,1.0,0
0.147461822,37,0,0.405618964,6833.0,16,0,2,0,2.0,0
0.348316797,57,0,10171.0,,13,0,3,0,,0
0.169736878,47,0,0.231420333,10750.0,5,0,1,0,5.0,0
0.001034126,61,0,0.574125486,1800.0,9,0,0,0,0.0,0
0.768820786,25,1,0.569584736,1781.0,6,0,0,0,0.0,1
0.049169502,51,0,0.477730095,24000.0,15,0,4,0,5.0,0
0.543903306,53,0,0.114359415,4651.0,8,0,0,0,0.0,0
0.006269883,35,0,0.468133206,11500.0,19,0,2,0,1.0,0
0.0,49,0,2.166833167,1000.0,7,0,1,0,0.0,0
0.982144133,47,1,0.795074559,4425.0,9,0,2,0,3.0,0
0.959889452,61,0,0.95291514,13103.0,17,0,2,0,0.0,0
0.221745736,57,0,0.319750068,11042.0,14,0,2,0,2.0,0
0.322918033,56,0,0.246072472,12666.0,10,0,2,0,2.0,0
0.977898983,63,0,517.0,,5,0,0,1,0.0,0
0.613576566,32,2,0.057191233,10630.0,9,0,0,0,0.0,0
0.9999999,77,0,0.0,6000.0,1,0,0,0,1.0,0
0.9999999,22,0,0.0,1.0,1,0,0,0,0.0,0
0.9999999,24,0,51.0,,0,0,0,0,,0
0.147188679,50,0,0.197206571,12600.0,7,0,1,0,3.0,0
0.391184353,51,0,1782.0,0.0,6,0,1,0,3.0,0
0.9999999,70,0,0.322079755,8500.0,5,0,1,0,1.0,0
0.019403149,67,0,0.081153141,6000.0,6,0,1,0,0.0,0
0.285673475,30,0,0.145330407,4100.0,3,0,0,0,0.0,0
0.550689862,44,0,0.132908119,5800.0,3,0,0,0,3.0,0
0.547578649,38,0,0.43698086,2768.0,12,0,0,0,3.0,0
0.971650709,63,0,0.169530575,10416.0,6,0,0,0,0.0,0
0.021119155,61,0,0.498626572,6916.0,5,0,1,0,0.0,0
0.00518945,67,0,0.427640156,2300.0,12,0,1,0,0.0,0
0.249267798,45,0,0.336110648,6000.0,6,0,1,0,0.0,0
0.055812213,35,0,1.020244939,4000.0,14,0,2,0,0.0,0
0.586079863,48,0,0.104712042,2864.0,5,0,0,0,3.0,0
0.009176201,63,0,0.01726488,2200.0,7,0,1,0,0.0,0
0.073013752,49,0,0.281686047,6879.0,5,0,1,0,0.0,0
0.061018453,76,0,157.0,,6,0,0,0,0.0,0
0.005999931,47,0,0.283992501,11200.0,10,0,2,0,3.0,0
0.325827716,39,0,0.02709971,4833.0,6,0,0,0,10.0,0
0.452551854,29,0,0.274261227,11200.0,9,0,2,0,0.0,0
0.145396279,42,0,0.416912675,10500.0,9,0,3,0,1.0,0
0.9999999,44,0,990.0,,5,0,1,0,0.0,0
0.511124553,51,0,0.511496656,4783.0,10,0,2,0,2.0,0
0.000571137,57,0,1.542582967,2500.0,19,0,2,0,0.0,1
0.102544948,57,0,1.249935914,3900.0,13,0,2,0,0.0,0
0.056159255,77,0,0.02581511,38000.0,4,0,1,0,0.0,0
0.925278117,56,0,4546.0,,23,0,2,0,0.0,1
0.442271674,44,0,0.625604644,3100.0,8,0,1,0,2.0,0
0.162052217,34,0,0.416633347,2500.0,7,0,0,0,0.0,0
0.009370782,35,0,2365.0,,12,0,1,0,0.0,0
0.0,65,0,1086.0,,11,0,1,0,0.0,0
0.35318298,56,0,0.529694061,5000.0,5,0,1,0,0.0,0
0.243920727,48,0,0.280143971,5000.0,19,0,0,0,0.0,0
0.066493351,69,0,0.004221284,4500.0,1,0,0,0,0.0,0
0.018594412,86,0,0.000383327,60000.0,3,0,0,0,0.0,0
0.533010152,50,0,0.388755571,8750.0,4,0,1,0,4.0,0
0.988011988,36,0,0.015157559,2506.0,2,0,0,1,1.0,0
0.136399477,60,0,2762.0,,15,0,1,0,0.0,0
0.047358106,72,0,0.001953452,17916.0,6,0,0,0,0.0,0
0.89912844,44,0,0.597564598,10100.0,11,0,2,0,2.0,0
0.10839458,58,0,0.49859944,15350.0,3,0,2,0,0.0,0
0.780246462,63,0,0.369895599,15133.0,13,0,2,0,0.0,0
0.029542013,77,0,30.0,,5,0,0,0,,0
0.022153571,67,0,0.090041419,5552.0,5,0,0,0,0.0,0
0.0,50,0,0.391949426,7750.0,8,0,1,0,0.0,0
0.056524988,57,0,0.090570476,5100.0,7,0,0,0,0.0,0
0.113551937,64,0,0.170857316,3300.0,8,0,0,0,0.0,0
0.027250391,63,0,1362.0,,4,0,1,0,0.0,0
0.600340998,48,1,3146.0,,8,0,2,0,0.0,0
0.039149612,64,0,760.0,,5,0,1,0,0.0,0
0.400845203,61,0,0.363433391,4030.0,5,0,2,0,0.0,0
0.182718967,42,0,0.114455681,8404.0,4,0,0,0,0.0,0
0.027286894,64,0,1173.0,,14,0,2,0,1.0,0
0.066093649,56,0,0.203823694,12500.0,6,0,3,0,1.0,0
0.026596853,72,0,0.078999761,12556.0,15,0,1,0,1.0,0
0.320580719,62,0,0.434994861,3891.0,11,0,2,0,0.0,0
0.0619969,71,0,0.006259516,5910.0,2,0,0,0,0.0,0
0.333373245,69,0,0.426214757,3333.0,11,0,1,0,1.0,0
0.095495225,46,0,0.823578421,4800.0,6,0,2,0,0.0,0
0.425149701,23,0,0.005545287,1081.0,1,0,0,0,0.0,0
0.0,67,0,0.254542338,5833.0,10,0,1,0,0.0,0
0.0,39,0,0.788084766,2500.0,6,0,3,0,0.0,0
1.055090798,62,3,937.0,,9,2,2,3,,1
0.0,67,0,1330.0,,7,0,1,0,0.0,0
0.073649755,48,2,0.516678666,12500.0,9,0,3,0,0.0,0
1.017720771,48,0,0.812523435,2666.0,12,0,1,0,3.0,0
0.012676344,60,0,3329.0,,15,0,1,0,0.0,0
1.550898204,51,2,0.27125448,6974.0,5,0,2,2,4.0,1
0.40648491,51,0,0.520321669,4600.0,13,0,1,0,2.0,0
0.004999286,63,0,0.478121137,4044.0,6,0,2,0,0.0,0
0.162578672,63,0,0.160987616,13000.0,9,0,1,0,2.0,0
1.447761194,51,0,0.005661713,1412.0,1,0,0,0,0.0,1
0.116596064,79,0,0.098609444,14166.0,8,0,1,0,0.0,0
0.31113959,62,0,0.338840687,10833.0,9,0,2,0,0.0,0
941.0,37,0,0.085182963,5000.0,6,0,0,0,1.0,0
0.0,89,0,0.0,4257.0,2,0,0,0,0.0,0
0.964751762,39,0,1105.0,0.0,5,0,0,0,2.0,0
0.918336427,40,0,0.444085525,6500.0,8,0,2,0,1.0,0
0.066546673,43,1,2.142857143,1000.0,8,0,1,0,2.0,0
0.129863872,31,0,0.48953452,3200.0,9,0,0,0,0.0,0
1.737541528,52,0,0.009372071,3200.0,2,1,0,0,0.0,0
0.9999999,37,0,0.16655563,1500.0,4,0,0,0,0.0,0
0.19327521,48,0,0.311359363,9040.0,8,0,2,0,3.0,0
0.001462936,52,0,0.150868413,13587.0,10,0,1,0,3.0,0
0.030705977,64,0,53.0,,5,0,0,0,0.0,0
0.946010798,33,0,0.183711245,2160.0,2,0,0,0,0.0,0
0.453093812,27,1,6.0,,1,0,0,0,0.0,0
0.574986844,30,0,0.63619403,3751.0,7,0,1,0,0.0,0
0.019693696,92,0,1232.0,,12,0,1,0,0.0,0
0.035396867,37,0,2340.0,,14,0,2,0,0.0,0
0.375800288,31,0,0.544284468,4583.0,9,0,1,1,1.0,0
0.590840262,60,0,0.639543964,6402.0,10,0,2,0,0.0,0
0.089532517,67,0,1642.0,,5,0,1,0,0.0,0
0.499304432,62,0,2724.0,,17,0,2,0,0.0,0
0.0,51,0,0.0,4804.0,6,0,0,0,1.0,0
0.9999999,49,0,0.076285813,5793.0,2,0,1,0,0.0,0
0.028549286,74,0,0.097991968,2489.0,4,0,0,0,1.0,0
0.828421293,42,2,0.428946382,5333.0,6,0,2,0,0.0,1
0.767293871,56,0,0.389922062,12958.0,9,0,2,0,1.0,0
0.200872569,29,0,33.0,,9,0,0,0,0.0,0
0.011217875,68,0,708.0,,9,0,0,0,0.0,0
0.980066445,37,5,0.066593886,5495.0,10,1,0,0,0.0,1
0.9999999,50,0,0.111340206,3879.0,1,1,1,0,0.0,1
0.554722639,47,0,1.106167846,988.0,11,0,1,0,0.0,0
0.0,39,0,0.437458343,4500.0,4,0,1,0,1.0,0
0.005999789,53,0,0.322992072,2900.0,7,0,1,0,0.0,0
0.540447886,77,0,0.551980515,7800.0,11,0,1,0,1.0,0
0.026334761,90,0,0.005181347,3473.0,8,0,0,0,0.0,0
0.011649418,91,0,0.001135074,5285.0,4,0,0,0,0.0,0
0.923076923,24,0,0.010795682,2500.0,1,0,0,0,0.0,0
0.0,31,0,0.633202955,2300.0,7,0,1,0,0.0,0
0.153700454,39,0,0.28118917,5650.0,5,0,1,0,0.0,0
0.0,64,0,710.0,,3,0,1,0,0.0,0
0.035426884,44,0,0.395200873,5500.0,4,0,2,0,2.0,0
0.598985738,49,0,0.162115674,4650.0,3,0,0,0,1.0,0
1.069883527,41,3,0.212540193,3109.0,6,1,0,0,3.0,0
0.146058892,45,0,63.0,,6,0,0,0,,0
0.083790154,40,0,0.295615451,8050.0,8,0,2,0,2.0,0
0.053670371,70,0,49.0,,4,0,0,0,0.0,0
0.000291537,41,0,0.278622956,14000.0,10,0,2,0,3.0,0
0.057401587,32,0,0.354561584,10708.0,11,0,2,0,1.0,0
0.0,77,0,5.505952381,167.0,6,0,0,0,0.0,0
0.004194401,57,0,0.196938353,4833.0,5,0,1,0,1.0,0
0.238964659,36,0,0.049728188,11220.0,7,0,0,0,0.0,0
0.228418727,67,0,0.20419895,4000.0,7,0,0,0,1.0,0
0.9999999,25,1,50.0,,2,1,0,0,1.0,0
0.058901659,56,0,0.252482811,7853.0,14,0,2,0,3.0,0
0.00268617,61,0,0.142685721,9166.0,14,0,1,0,0.0,0
0.608497589,45,0,0.492636675,4956.0,12,0,1,0,1.0,0
0.001433908,83,0,1.0,,8,0,0,0,,0
0.20758483,36,1,2370.0,,4,5,1,0,0.0,0
0.004550041,53,0,0.648796246,13000.0,24,0,2,0,2.0,0
0.019584167,81,0,15.0,,3,0,0,0,0.0,0
0.073901296,64,2,8972.0,,11,0,3,0,2.0,0
0.0,41,0,704.0,,4,0,0,0,3.0,0
0.115618396,59,0,0.506497834,3000.0,5,0,1,0,1.0,0
0.069498663,58,0,0.200494794,9700.0,9,0,1,0,0.0,0
0.0,77,0,0.140625,3327.0,2,0,0,0,1.0,0
0.445511011,38,1,0.745883509,4068.0,10,0,1,0,0.0,0
0.014780308,65,0,7482.0,,19,0,4,0,0.0,0
0.548275908,48,0,2381.0,,16,0,1,0,0.0,0
0.010326176,24,0,0.001206273,828.0,3,0,0,0,0.0,0
0.380632883,53,0,3131.0,,9,0,1,0,0.0,0
0.008349083,84,0,0.004907306,1833.0,11,0,0,0,0.0,0
0.770206462,49,2,0.733315357,7416.0,9,0,1,0,1.0,0
0.080947153,58,0,0.611394077,5300.0,13,0,3,0,1.0,0
0.689462108,45,1,1555.0,,2,0,1,1,0.0,0
0.650194182,39,0,0.411372631,4800.0,5,0,1,0,3.0,0
0.0,91,0,0.0,,5,0,0,0,0.0,0
0.9999999,52,0,0.237812128,6727.0,2,4,0,1,1.0,1
0.081200527,51,0,0.402919416,5000.0,14,0,1,0,0.0,0
0.172126596,26,0,0.793017456,400.0,4,0,0,0,0.0,0
0.070433098,38,1,0.006615878,4987.0,5,0,0,0,3.0,0
0.823189693,51,0,0.250156217,4800.0,6,3,1,0,3.0,0
0.006479342,67,0,0.001999556,4500.0,10,0,0,0,0.0,0
0.917216257,63,0,0.272877918,35000.0,12,0,3,0,1.0,0
0.001584407,56,0,0.523133868,1620.0,8,0,1,0,0.0,0
0.23063852,58,0,0.1968002,16000.0,9,0,3,0,3.0,0
0.185965119,41,0,0.0843483,5500.0,5,0,0,0,1.0,0
0.642071586,42,0,0.39314379,7350.0,5,1,2,0,1.0,1
0.0,36,0,0.226415094,5458.0,3,0,0,0,2.0,0
0.451694542,58,0,0.425562299,2800.0,10,0,1,0,0.0,0
0.0,57,0,2405.0,,9,0,2,0,0.0,0
0.187394408,58,0,0.087837189,10416.0,10,0,1,0,4.0,0
0.33539379,44,0,0.061392738,5700.0,5,0,0,0,0.0,0
0.677330667,41,1,597.0,,10,0,0,1,0.0,0
0.160846073,42,3,1296.0,,10,0,1,0,0.0,1
0.484084124,62,0,0.249646393,8483.0,5,0,1,0,0.0,0
0.179375334,73,0,0.398988936,10483.0,10,0,1,0,1.0,0
0.0,33,0,0.444213804,5780.0,9,0,1,0,0.0,0
0.366118272,80,0,0.606134669,8182.0,9,0,3,0,1.0,0
0.875303528,35,1,0.426428679,6666.0,11,0,1,0,2.0,1
0.056658867,44,0,0.652668416,8000.0,9,0,2,0,1.0,0
0.0,77,0,0.0,,4,0,0,0,1.0,0
0.0,29,1,0.112221717,2200.0,5,0,0,0,0.0,1
0.109048442,49,1,0.462377588,8066.0,12,0,2,0,2.0,0
0.0,62,0,635.0,,21,0,0,0,0.0,0
0.9999999,31,1,0.068732817,4000.0,1,0,0,0,0.0,0
0.929860483,57,1,2.175515303,1600.0,9,0,1,0,0.0,0
0.0,46,0,0.298147311,11064.0,7,0,2,0,1.0,0
0.511231428,49,0,0.446506203,9430.0,10,0,2,0,2.0,0
0.055897243,44,0,0.020997375,2285.0,5,0,0,0,0.0,0
0.9999999,79,0,0.335369993,1472.0,5,0,0,0,0.0,0
0.172545686,69,0,0.471293916,3500.0,10,0,2,0,0.0,0
0.74093065,64,0,0.34990694,3760.0,9,0,1,0,3.0,1
0.0,60,0,0.0,,1,0,0,0,1.0,0
0.625473089,62,0,0.559650326,5833.0,5,0,1,0,0.0,0
0.155471113,63,0,0.341701989,9200.0,11,0,2,0,1.0,0
0.186809275,55,0,0.464274133,9250.0,14,0,2,0,4.0,0
0.622437756,49,0,0.482405345,4489.0,6,0,1,0,0.0,0
0.009350406,72,0,10.0,,7,0,0,0,,0
0.453153425,58,0,0.336540275,5300.0,11,0,0,0,0.0,0
0.390788076,68,0,2749.0,,13,0,1,0,0.0,0
0.005512644,62,0,0.952698201,1500.0,10,0,2,0,2.0,0
0.942057942,52,0,0.085332103,2167.0,2,0,0,0,2.0,0
0.136462118,53,0,0.301706558,9316.0,15,0,3,0,1.0,0
0.916297975,37,0,0.601399767,6000.0,16,0,2,0,1.0,1
0.433342666,42,0,0.628478497,8300.0,6,0,3,1,4.0,0
0.9999999,47,0,0.004052959,3700.0,0,1,0,0,0.0,1
0.871407594,49,5,0.198790979,4300.0,10,0,0,0,4.0,1
0.590720755,48,0,0.67450719,10500.0,20,0,5,0,0.0,1
0.9999999,33,0,0.06575474,4166.0,2,0,0,0,3.0,0
0.69616298,42,3,0.241708314,2200.0,4,0,0,0,2.0,0
0.0,48,1,4218.0,,8,0,2,1,0.0,0
0.027828108,51,0,0.081672444,4615.0,13,0,1,0,0.0,0
0.659990718,49,1,0.337325995,9266.0,8,0,1,0,5.0,1
0.122203704,60,0,0.21922626,14500.0,10,0,1,0,2.0,0
0.001014024,41,0,0.180688473,7000.0,14,0,2,0,3.0,0
0.30666748,64,0,0.578453111,7666.0,5,0,1,0,1.0,0
0.106644668,46,0,1961.0,,2,0,1,0,0.0,0
0.209174343,47,0,0.187509036,6916.0,18,0,0,0,0.0,0
0.54015928,56,0,0.380603233,6000.0,9,0,1,0,0.0,0
0.060599939,34,0,993.0,,3,0,1,0,0.0,0
0.312891043,56,0,0.282491944,6516.0,8,0,1,0,0.0,0
0.185494153,43,0,0.422067992,8500.0,8,0,2,0,0.0,0
0.616194195,76,0,0.612969847,2420.0,7,0,0,0,1.0,0
0.127515399,59,0,0.179082092,10000.0,21,0,1,0,1.0,0
0.008359666,43,0,6.0,,1,0,0,0,0.0,0
0.314468225,43,0,0.452246625,9925.0,6,0,2,0,3.0,0
0.879762226,27,1,0.282620766,1800.0,5,1,0,0,0.0,0
0.070423411,59,0,0.505887581,4500.0,13,0,2,0,1.0,0
0.015152029,61,0,2970.0,,10,0,3,0,0.0,0
0.026109561,35,0,0.084985836,6000.0,5,0,0,0,0.0,0
0.229777022,67,0,156.0,,3,0,0,0,0.0,0
0.0,55,0,0.208346919,9200.0,7,0,1,0,1.0,1
0.9999999,38,0,5.0,,1,0,0,0,,1
0.024120228,55,0,0.219372229,11500.0,13,0,2,0,1.0,0
0.359477533,37,0,0.44951712,6833.0,5,0,2,0,2.0,0
0.828343313,28,0,0.379039301,1144.0,4,0,0,0,1.0,0
0.005017086,70,0,0.203885344,10500.0,12,0,1,0,0.0,0
0.747946007,74,0,0.9321784,5425.0,20,0,1,0,0.0,0
0.834607215,63,0,0.537758791,15214.0,8,0,2,0,1.0,0
0.006896076,68,0,0.139941691,2400.0,4,0,0,0,0.0,0
0.007318837,54,0,0.457714131,3700.0,10,0,2,0,0.0,0
0.81272909,40,1,0.023140213,5833.0,3,0,0,0,0.0,0
0.956529549,56,0,1640.0,,4,0,2,0,1.0,0
0.210382157,58,0,314.0,,3,0,0,0,2.0,0
0.030517502,67,0,0.161922538,15000.0,23,0,3,0,1.0,0
0.021465358,59,0,1196.0,,6,0,1,0,,0
0.757769739,63,0,0.370670158,8400.0,9,0,1,0,1.0,0
0.167726612,47,0,0.263796201,15583.0,13,0,3,0,2.0,0
1.088359223,55,2,0.285573123,7083.0,5,1,1,1,0.0,1
0.0,23,0,0.0,,2,0,0,0,0.0,0
0.028553016,55,1,0.285047149,11134.0,9,0,1,0,2.0,0
0.142232221,34,0,0.205555556,4319.0,4,0,1,0,1.0,0
0.367388373,55,0,0.868377208,3000.0,14,0,1,0,2.0,0
0.9999999,30,1,0.219147345,1336.0,1,0,0,0,0.0,0
0.9999999,28,0,0.161389961,2589.0,1,0,0,1,1.0,1
0.0,38,4,0.47289486,6400.0,12,0,2,1,0.0,1
0.135232512,78,1,0.010447997,12633.0,9,0,0,0,0.0,0
0.644392299,58,0,1.423728814,2300.0,12,0,1,0,0.0,0
0.9999999,52,2,0.395689847,4500.0,4,1,0,0,1.0,0
0.014033324,64,0,32.0,,7,0,0,0,0.0,0
0.01032434,58,0,0.406998793,5800.0,11,0,2,0,0.0,0
0.917594821,67,0,0.586218718,2916.0,8,0,0,0,1.0,0
0.9999999,46,0,0.158680603,7366.0,3,0,1,0,0.0,0
0.9999999,24,0,0.057221648,2900.0,1,0,0,0,0.0,0
0.002364357,71,0,0.506906437,7673.0,12,0,2,0,0.0,0
0.103789621,73,0,0.004904287,6320.0,3,0,0,0,0.0,0
0.0,46,0,1870.0,,14,1,2,0,2.0,0
0.053018244,51,0,690.0,,6,0,0,0,0.0,0
0.0,61,0,170.0,,5,0,0,0,,0
0.035116273,39,0,0.212212212,8990.0,8,0,1,0,3.0,0
0.052879105,46,1,0.306722043,6500.0,19,0,2,0,1.0,0
0.024022676,53,0,0.184822732,11648.0,17,0,2,0,1.0,0
0.118373527,78,0,224.0,,5,0,0,0,0.0,0
0.274459098,49,1,0.417645846,4850.0,11,0,1,0,1.0,0
0.293294419,36,0,3238.0,,16,0,2,0,2.0,0
0.72170145,68,0,0.720426782,6466.0,20,0,1,0,0.0,0
0.031086125,35,0,0.279403745,5500.0,14,0,1,0,0.0,0
0.694270049,50,1,0.394474891,8940.0,16,0,2,0,0.0,0
0.451483876,47,0,0.279392162,3750.0,7,0,1,0,2.0,0
0.03661206,71,0,0.00704859,6667.0,8,0,0,0,1.0,0
0.011539769,48,0,0.092685178,13000.0,9,0,1,0,4.0,0
0.131684764,31,0,0.499625094,4000.0,20,0,2,0,2.0,0
0.9999999,52,1,0.16922052,1500.0,6,0,0,0,1.0,0
0.038191752,77,0,0.020829862,6000.0,11,0,0,0,0.0,0
0.034506841,58,0,0.38440014,2858.0,5,0,0,0,0.0,0
0.032077173,80,0,24.0,,3,0,0,0,0.0,0
0.679330167,74,0,232.0,,4,0,0,1,1.0,0
0.001839269,68,0,0.003428327,4666.0,6,0,1,0,0.0,0
0.013458146,54,0,0.247986223,18000.0,11,0,1,0,2.0,0
0.512831908,44,0,0.332688588,4135.0,9,0,1,0,2.0,0
0.078934211,51,0,0.295974612,5986.0,11,0,1,0,3.0,0
0.121924513,61,0,1399.0,,13,0,0,0,0.0,0
0.349793528,75,0,0.618097448,4309.0,12,0,2,0,0.0,0
0.138012154,39,1,0.352973417,3648.0,5,0,1,0,1.0,1
0.195490211,64,0,1.183414044,1651.0,8,0,1,0,0.0,0
0.0,69,0,0.024197791,1900.0,4,0,0,0,0.0,0
0.189451675,63,0,0.322298563,1600.0,10,0,0,0,0.0,0
0.959338755,57,1,646.0,,2,0,0,0,,1
0.170092538,44,0,0.212889211,5523.0,17,0,0,0,1.0,0
0.816398573,59,0,0.875494071,7083.0,31,0,2,0,3.0,0
0.9999999,23,0,0.0,1.0,1,0,0,0,0.0,0
0.030804578,39,0,0.090781844,5000.0,5,0,0,0,2.0,0
0.036104635,61,0,0.14902294,5884.0,13,0,1,0,0.0,0
0.229986447,63,0,0.298145307,7170.0,17,0,2,0,0.0,0
0.0,22,0,0.0,2453.0,1,0,0,0,0.0,0
0.654575539,66,1,0.64133829,6724.0,22,2,1,0,1.0,0
0.054794521,58,0,2577.0,,5,0,2,0,0.0,0
0.128227696,58,0,0.28056872,4219.0,9,0,1,0,1.0,0
0.952123742,31,1,0.192903548,2000.0,2,4,0,1,1.0,1
0.731063447,62,0,0.318007663,10700.0,6,0,2,0,1.0,0
0.271713539,54,1,0.532596176,4340.0,14,0,2,0,2.0,0
0.035650427,53,0,0.10544496,11000.0,6,0,1,0,0.0,0
0.115446472,37,0,401.0,,2,0,0,0,0.0,0
0.902949572,76,3,0.211587825,2726.0,6,0,0,0,1.0,1
0.009407727,75,0,0.414977245,2416.0,11,0,0,0,0.0,0
0.9999999,24,0,0.0,737.0,0,0,0,0,0.0,0
0.495966375,60,2,0.329833508,6666.0,10,0,2,0,0.0,1
0.07641196,41,1,0.451454855,10000.0,4,0,1,0,2.0,0
0.9999999,40,0,1.079973342,3000.0,5,0,2,0,1.0,0
0.0,57,0,0.176766139,13135.0,9,0,2,0,0.0,0
2.66e-05,75,0,0.0,2700.0,6,0,0,0,0.0,0
0.0,54,0,2138.0,,9,0,1,0,0.0,0
0.835174187,39,0,0.851285099,6730.0,25,0,2,0,1.0,0
0.928469757,49,1,0.385060094,6572.0,12,0,0,0,0.0,0
0.084477407,47,0,2219.0,,10,0,2,0,0.0,0
0.047676186,43,0,0.002164209,7392.0,3,0,0,0,0.0,0
0.344412833,61,0,0.293016559,4166.0,7,0,0,0,1.0,0
0.9999999,43,98,96.0,,0,98,0,98,0.0,1
0.860241984,52,0,1.13398086,7000.0,18,0,4,0,1.0,1
0.023121523,74,0,0.414234306,2500.0,4,0,1,0,0.0,0
0.270486476,64,0,0.12145749,2469.0,2,0,0,0,0.0,0
0.047749254,53,0,0.114452214,4289.0,7,0,0,0,5.0,0
0.003974189,74,0,2.0,,5,0,0,0,0.0,0
0.741100324,35,0,0.18102687,7926.0,4,0,0,1,0.0,0
0.166483799,47,0,0.449563584,9050.0,11,0,1,0,0.0,0
0.027194561,31,0,0.132214956,3516.0,6,0,0,0,1.0,0
0.156672655,84,0,0.02592523,5322.0,3,0,0,0,1.0,0
0.53022526,37,0,0.488868151,7500.0,8,0,2,0,0.0,0
0.461592125,43,0,0.574137931,1739.0,5,0,1,0,3.0,0
0.772934899,62,0,2165.0,,7,0,1,0,0.0,0
0.931517121,39,0,0.08013141,7000.0,4,0,0,0,5.0,0
0.179198737,29,0,0.271818787,1500.0,7,0,0,0,0.0,0
0.046380284,55,0,0.364775328,8300.0,10,0,3,0,2.0,0
1.026692332,50,3,0.637594216,6500.0,12,3,1,1,2.0,0
0.155903351,58,2,0.38524319,9066.0,7,0,2,0,1.0,0
0.004837524,41,0,0.185162967,5000.0,10,0,1,0,0.0,0
0.446061055,59,0,0.180585296,1400.0,4,0,0,0,2.0,0
0.437562438,24,1,0.16958042,2859.0,6,0,0,0,0.0,0
0.255825739,59,0,0.414878016,7500.0,16,0,2,0,0.0,0
0.011173816,72,0,1562.0,,13,0,1,0,0.0,0
0.114484744,36,0,0.191441141,7500.0,20,0,1,0,0.0,0
0.9999999,68,0,4047.0,,4,0,3,0,0.0,0
0.005364444,59,0,6.0,,3,0,0,0,2.0,0
0.012864401,70,0,10.0,,3,0,0,0,0.0,0
0.9999999,62,0,0.136604775,3015.0,4,0,2,0,0.0,0
0.030894522,40,0,0.010011919,4194.0,5,0,0,0,1.0,0
0.773225865,31,0,0.338777415,2142.0,5,0,0,0,1.0,0
0.953782305,34,0,0.062890462,2400.0,1,0,0,0,2.0,0
0.930413917,28,0,0.319946676,6000.0,10,0,0,0,2.0,0
0.413408885,65,1,0.313830772,5400.0,8,0,2,0,0.0,0
0.029724257,55,0,5483.0,,12,0,3,0,0.0,0
0.0091951,29,0,0.001590548,4400.0,4,0,0,0,0.0,0
0.273031869,78,0,1659.0,,7,0,1,0,0.0,0
0.086526893,46,0,0.256474353,10000.0,8,0,1,0,3.0,0
0.829628412,49,0,0.672343576,2700.0,18,0,0,0,0.0,1
0.461492019,45,0,0.521975972,13400.0,12,0,5,0,3.0,0
0.96530347,40,1,0.540447191,5500.0,7,0,1,0,3.0,0
0.339274942,49,0,0.412782673,9418.0,14,0,1,0,3.0,0
0.196727317,39,0,2225.0,,11,0,2,0,0.0,0
0.168034032,63,0,9541.0,,13,0,7,0,0.0,0
0.0,34,0,0.0,1000.0,1,0,0,0,0.0,0
0.487814634,65,0,0.494951167,6040.0,14,0,1,0,0.0,0
0.523570467,40,0,0.152938343,8303.0,7,0,1,0,2.0,0
0.184904399,65,0,2780.0,,17,0,2,0,0.0,0
0.061653575,64,0,78.0,,4,0,0,0,0.0,0
0.002475284,76,0,5.0,,14,0,0,0,,0
0.53046953,22,0,0.016129032,929.0,2,0,0,0,0.0,0
0.115080214,56,0,3332.0,,14,0,2,0,,0
0.001446991,50,1,0.582370737,7271.0,8,0,2,0,0.0,0
0.063587283,29,0,0.041844103,5400.0,2,0,0,1,2.0,0
0.161870182,54,0,0.098891111,5500.0,4,0,0,0,0.0,0
0.9999999,44,0,1374.0,,1,1,1,0,4.0,1
0.023626359,46,0,4901.0,,15,0,1,0,1.0,0
0.256327786,39,1,548.0,,5,0,0,0,0.0,1
0.066193381,31,0,0.448606852,7500.0,5,0,1,0,1.0,0
1.061568497,51,1,0.75129948,2500.0,6,1,1,1,2.0,0
0.361506299,56,0,0.298471537,8308.0,15,0,1,0,0.0,0
0.134456407,50,0,2066.0,,7,0,1,0,0.0,0
0.0,57,0,0.140953016,3000.0,5,0,0,0,3.0,0
0.040445225,51,0,0.109845403,6144.0,4,0,0,0,1.0,0
0.508143734,50,1,0.536692661,5000.0,11,0,2,0,0.0,0
0.9999999,27,0,0.282559456,1765.0,5,0,0,0,0.0,0
0.9999999,53,0,173.0,,2,0,0,0,0.0,1
0.034371875,66,0,0.233992328,10166.0,8,0,1,0,0.0,0
0.326927193,49,0,0.391121776,5000.0,26,0,1,0,0.0,0
0.00124321,84,0,0.000124673,8020.0,5,0,0,0,0.0,0
0.0,70,1,0.291852139,5166.0,8,0,2,0,0.0,0
0.820907955,49,1,0.584204413,1721.0,5,0,0,0,0.0,1
0.074275617,60,0,0.273513095,7750.0,14,0,1,0,2.0,0
0.0,57,0,0.224302056,12500.0,14,0,1,0,1.0,0
0.0,64,0,0.0,4418.0,2,0,0,0,0.0,0
0.0,64,0,0.250878546,11666.0,8,0,1,0,0.0,0
0.024866084,68,0,0.21791488,6061.0,11,0,1,0,0.0,0
0.0,27,0,0.0,820.0,2,0,0,0,0.0,0
0.169115729,28,0,0.215885947,5400.0,6,0,1,0,0.0,0
0.287067604,39,0,0.538584566,2500.0,8,0,1,0,0.0,0
0.775755449,41,2,0.503012434,7800.0,11,0,2,0,0.0,0
0.080250593,60,0,2692.0,,12,0,1,0,0.0,0
0.010444453,56,0,0.201962264,13249.0,10,0,1,0,0.0,0
0.435191125,49,0,0.492263747,4200.0,8,0,1,0,1.0,0
0.9999999,40,1,0.060428177,2895.0,3,0,0,0,0.0,0
0.257581561,42,0,0.165413534,6250.0,4,0,0,0,0.0,0
0.031893666,47,0,0.019559218,25000.0,19,0,0,0,0.0,0
0.246064598,51,0,0.077450522,6416.0,9,0,0,0,0.0,0
0.017446437,54,0,0.253627232,3583.0,8,0,1,0,1.0,0
0.015429629,58,0,2324.0,,5,0,1,0,0.0,0
0.026800355,61,0,0.057414347,7471.0,10,0,0,0,0.0,0
0.107371143,52,0,0.1778005,8801.0,14,0,0,0,1.0,0
0.946798671,60,0,0.280952848,10200.0,8,0,1,0,3.0,0
0.003999784,80,0,2.0,,7,0,0,0,0.0,0
0.133718975,47,0,0.12535933,8000.0,8,0,0,0,0.0,0
0.023981454,40,0,0.236557047,15416.0,18,0,2,0,1.0,0
0.126917713,54,0,0.484798001,2400.0,14,0,1,0,0.0,0
0.106895066,61,0,0.278289025,5867.0,15,0,1,0,0.0,0
0.25243618,50,0,0.406036154,25280.0,24,0,4,0,0.0,0
0.199608611,39,0,0.596908213,5174.0,10,0,2,0,4.0,0
0.040313134,60,0,0.168076045,16200.0,6,0,2,0,2.0,0
0.351847585,50,0,4535.0,,10,0,2,0,0.0,0
0.015544748,66,0,10.0,,5,0,0,0,0.0,0
0.086398766,89,0,0.320081918,8300.0,10,0,1,0,1.0,0
0.764575308,49,1,0.727505231,4300.0,15,0,2,0,0.0,0
0.9999999,50,2,1208.0,,4,0,1,0,0.0,0
0.961445435,45,0,0.291050584,6424.0,7,0,0,0,0.0,0
0.535963255,61,0,0.306364412,10542.0,13,0,1,0,1.0,0
0.663022465,43,0,0.163736264,1819.0,3,0,0,0,0.0,0
0.9999999,64,0,2366.0,,11,0,1,0,3.0,0
0.017473552,42,0,0.100672298,5800.0,7,0,0,0,2.0,0
0.922769308,45,0,568.0,,4,0,0,1,0.0,0
0.109088192,71,0,0.374955742,8472.0,12,0,3,0,1.0,0
0.064243336,49,0,0.229766315,14035.0,15,0,2,0,3.0,0
0.9999999,42,0,0.217236784,2250.0,1,0,0,0,2.0,0
0.60657079,58,0,0.530891485,9500.0,5,0,1,0,2.0,0
0.62037962,25,1,0.16191904,2000.0,2,0,0,1,4.0,1
0.014768781,41,0,0.400999884,8600.0,7,0,2,0,2.0,0
0.0,62,0,0.097215813,6500.0,11,0,0,0,0.0,0
0.16008883,55,0,0.536736858,6600.0,13,0,2,1,1.0,0
0.956171801,58,1,0.49735518,7750.0,11,0,2,0,2.0,0
0.148847499,54,0,243.5,1.0,11,0,0,0,0.0,0
0.022239555,37,0,0.006235828,5291.0,3,0,0,0,0.0,0
0.026503578,63,0,0.255077173,7385.0,22,0,1,0,0.0,0
0.074889868,40,0,0.107170755,6400.0,9,0,0,0,0.0,0
0.249059086,51,0,0.274893265,7260.0,13,0,1,0,3.0,0
0.01801458,71,0,0.00279944,5000.0,3,0,0,0,0.0,0
0.005083122,79,0,3.0,,2,0,0,0,0.0,0
0.0,33,0,0.534730398,4246.0,5,0,3,0,2.0,0
0.410263589,45,2,0.230043193,6250.0,12,0,1,0,0.0,0
0.009990616,59,0,0.0059042,10500.0,19,0,0,0,0.0,0
0.221506189,59,0,0.767497667,7500.0,13,0,2,0,0.0,0
0.322104342,66,1,0.387535817,6979.0,13,0,2,0,0.0,0
0.37919052,69,0,0.457814419,5700.0,3,0,2,0,0.0,0
